id,name,interests,affiliations
t7wcF4UAAAAJ,Susan L. Epstein,"[ 4.0398836e-03  2.5264844e-03 -3.8262159e-03 -1.6272450e-03
 -1.2008731e-03 -7.3691999e-04  1.3050325e-04  2.4042111e-03
  6.4195384e-04 -1.2817427e-03 -1.7869603e-03  2.8979042e-04
 -1.9480459e-03 -2.6452285e-03  9.5037866e-04 -4.9092239e-03
 -3.1744882e-03 -5.4875501e-03 -5.2834896e-04 -7.5114332e-03
 -5.8136473e-04  5.0917472e-04 -2.0240209e-04 -4.9574119e-03
 -3.9701499e-03 -4.0139658e-03 -1.2165966e-03 -3.4309872e-03
  1.4576884e-03  6.3331926e-04  2.6447200e-03  5.5258069e-04
  2.9509864e-03  2.9000426e-03 -5.7194789e-04  1.1455279e-03
  1.1275013e-03  4.4870446e-03 -1.6202161e-03  6.7026273e-04
 -1.3468666e-03 -2.7684805e-03 -6.6391053e-04  3.5980165e-03
  3.6863438e-04  1.7104840e-03  1.6075190e-03 -2.8871340e-03
 -9.9791156e-04  3.5038553e-03 -4.0374263e-03 -3.2379432e-04
  2.5175628e-03  1.6164572e-03 -1.2115646e-03 -2.2274032e-04
 -7.1346463e-04 -3.8030215e-03  2.2228844e-03 -1.2803667e-03
  5.0242068e-03  2.9487913e-03  3.8796989e-04 -3.0348680e-03
  1.8743633e-03 -2.3225858e-03  3.7949928e-03  1.9250710e-03
 -7.8584626e-03 -2.5593274e-04 -4.2270808e-03  4.1466048e-03
  1.4527927e-03  1.5924275e-03 -2.3837895e-03 -2.8306822e-04
 -2.8354120e-03 -3.2493746e-04 -3.8457359e-03  6.1453728e-04
  3.0852798e-03  1.3048368e-03 -5.1665353e-03  1.0071429e-04
  4.0095439e-03 -2.1377048e-03 -9.2654955e-05  4.1199234e-04
  2.2073274e-03  1.4863609e-03 -1.0205408e-03  3.4060437e-04
 -1.0231829e-03  1.1968098e-03 -1.1757631e-03  9.2629192e-04
  1.3608646e-03 -1.3300542e-03 -7.0407829e-04  2.4468419e-03]","['Hunter College', 'The Graduate Center']"
k_K-PFkAAAAJ,Katherine St. John,"[0. 0. 0. 0. 0. 0. 0. 0. 0. 0. 0. 0. 0. 0. 0. 0. 0. 0. 0. 0. 0. 0. 0. 0.
 0. 0. 0. 0. 0. 0. 0. 0. 0. 0. 0. 0. 0. 0. 0. 0. 0. 0. 0. 0. 0. 0. 0. 0.
 0. 0. 0. 0. 0. 0. 0. 0. 0. 0. 0. 0. 0. 0. 0. 0. 0. 0. 0. 0. 0. 0. 0. 0.
 0. 0. 0. 0. 0. 0. 0. 0. 0. 0. 0. 0. 0. 0. 0. 0. 0. 0. 0. 0. 0. 0. 0. 0.
 0. 0. 0. 0.]",['CUNY']
G0k6cacAAAAJ,Elizabeth I. Sklar,"[ 8.82262655e-04 -6.46547135e-03  7.42060784e-03  5.48387971e-03
  8.65090638e-04  1.22510991e-03 -7.15001486e-04  9.04959161e-05
 -1.73795433e-03  2.49735918e-03 -2.17097229e-04 -6.19154051e-03
  1.47718540e-03  2.70613469e-04  9.50190891e-03  2.11166427e-03
 -7.43159186e-03 -7.85676204e-03  1.84520008e-03 -8.53199884e-03
  2.02365755e-03  6.72025746e-03 -3.05361254e-03  7.20893126e-03
 -5.02226595e-03 -3.94915696e-04  1.22794649e-03  1.08236214e-04
 -7.62174372e-03 -2.51210295e-04  2.09201267e-03 -1.57672493e-03
  4.55882633e-03 -6.38982048e-04 -3.36514646e-03  3.44049511e-03
 -2.85280729e-03  1.12935505e-03 -1.55176828e-03  6.86482526e-05
  3.65030835e-03 -7.82090612e-03  3.70782986e-03  7.52298441e-03
  2.11799890e-03  6.56514335e-03 -5.08180819e-03  1.39288604e-04
 -7.25799520e-03  2.26141023e-03  2.23620329e-04  1.56333193e-03
 -2.70612002e-03 -5.45523409e-03  8.34294688e-03 -2.05038348e-03
 -7.20782438e-04  1.25545170e-03 -4.63222992e-03  4.38520499e-03
 -2.14608200e-03  3.95416468e-03 -3.57353827e-03  2.11657025e-04
 -5.13631804e-03  1.05637475e-03  2.92722485e-03  7.75323343e-03
 -3.60407721e-04  5.81989763e-03 -1.87280448e-03 -2.63308827e-03
  1.17908558e-03 -5.99964242e-03  9.62778367e-03 -1.84792001e-03
 -4.27799998e-03  4.39774198e-03  2.90818047e-03 -9.38023999e-03
  3.69898230e-03  2.19133543e-03 -9.10613127e-03  9.16087162e-03
  1.00544747e-03  9.06390883e-03 -3.07339150e-03  7.15767872e-03
  7.28198886e-03 -8.07210803e-03  4.81577963e-03 -5.65463258e-03
 -8.11471604e-04  9.07933339e-03 -5.67745231e-03  4.62554302e-03
 -5.03594894e-03  7.53550092e-04 -2.54132575e-03 -2.94805574e-03]",['External']
jb9VOp0AAAAJ,Rebecca J. Passonneau,"[-2.0132703e-03 -2.5422755e-04 -7.1822172e-03  7.4165286e-03
  3.9097210e-03 -1.6062717e-03 -3.5176473e-04  4.6833092e-03
 -2.4166214e-03 -5.9313164e-03  1.5476544e-03 -9.5039082e-04
 -4.1958662e-03  1.5172847e-03  1.2314463e-03  6.7360722e-04
  3.2225768e-03 -1.0997525e-03 -1.1860537e-03 -1.6373667e-03
 -3.8947803e-03 -1.7601596e-03  9.9050906e-04 -4.8508542e-03
  3.3651912e-03 -6.0806610e-03 -7.7550327e-03  1.0775130e-03
 -8.8084606e-04 -1.4560481e-03  3.4432719e-04 -1.8830146e-03
  5.7227723e-04  3.7212665e-03 -7.3237289e-03  5.1866891e-04
  2.8248206e-03  3.6285804e-03  4.1463347e-03  4.3406063e-03
  1.8037115e-03  4.4324715e-03  2.9198388e-03 -1.3348783e-03
  7.0500211e-04  1.8263620e-03 -6.2757833e-03  5.7065571e-03
  4.5992592e-03  3.8946006e-03  5.8895112e-03  1.1857138e-03
  9.3813380e-04  1.3583130e-04 -2.6177689e-03 -3.0222503e-03
  4.0945411e-04  1.8089326e-03 -1.8946286e-03  1.7477504e-03
 -2.1856034e-04  5.9934659e-03  4.3280283e-03  1.9565751e-03
  1.0649259e-03 -6.5327277e-03 -7.3778965e-03 -1.2834619e-03
  1.9524922e-04 -6.7897532e-03 -7.8858319e-04  3.4055929e-03
  2.1859903e-03 -5.6414236e-03  2.6266737e-04 -7.0268493e-03
 -2.5846008e-03 -1.1621602e-03  3.2809945e-03 -3.5360004e-03
  2.2168311e-03 -5.8579212e-03 -2.0990930e-03  5.9473803e-03
  1.2609474e-03  9.8904991e-04 -6.1876955e-04  2.0790088e-05
  5.7046376e-03  5.8439123e-03 -1.1292985e-04  8.8420408e-03
  4.4893194e-03  6.0455706e-03  8.4753484e-03 -4.4262293e-03
 -7.3395716e-03  7.3409062e-03  5.3108139e-03 -7.6886604e-04]",['External']
L9z6PakAAAAJ,Simon Parsons,"[-1.6957668e-03  1.7631922e-03  1.0668508e-03 -1.6260056e-03
 -2.7934453e-03 -3.7129475e-03  3.5765527e-03  4.0342985e-03
 -9.9333306e-04 -4.2976416e-03 -2.9352747e-03 -2.2604910e-03
 -3.4665712e-04 -2.4322057e-03  3.2884909e-03  1.2320117e-05
 -2.5970920e-03  2.1541875e-03  2.0231302e-03  3.8189080e-03
  3.5873728e-03 -4.1046212e-03 -1.3759525e-03  5.3896703e-04
 -4.5190034e-03  1.1788483e-03  1.1180512e-03 -3.0700697e-03
 -1.4409859e-04  2.8567034e-04 -2.6573727e-03 -8.9552917e-04
 -7.4748183e-04  1.9179429e-03  4.7147209e-03 -2.4618758e-03
 -9.1504463e-04 -3.7128490e-04 -2.1132184e-04  5.4654549e-05
  2.1275089e-03  3.3851555e-03  2.8501370e-04 -1.7493041e-03
  6.2973681e-04 -1.6349505e-03 -1.9057196e-03 -2.9748278e-03
  5.6196507e-03 -5.0250869e-03  2.9125554e-04 -4.9948022e-03
  3.6243128e-03 -2.8708102e-03  2.9221294e-03 -1.6023045e-03
 -4.5634806e-07 -6.2867382e-04 -6.8178959e-04  2.1760298e-03
 -1.4342549e-03  9.1435679e-04 -3.0120891e-03 -3.1807233e-04
  2.2075039e-03  3.2324186e-03 -5.1831990e-04 -2.1200094e-03
 -2.5585084e-03 -3.3666128e-03 -4.7994838e-03  3.7680885e-03
  3.6107823e-03 -6.2056244e-03  5.6928173e-03  1.4183947e-03
  4.7955299e-03 -1.6593807e-03 -3.4925139e-03 -1.4679291e-04
 -2.3341284e-03  2.6075800e-03 -3.3799896e-04  1.9017491e-03
 -5.0653676e-03 -3.1300783e-03 -4.2886059e-03 -1.9952988e-04
  4.7419826e-04 -1.4592035e-03  4.1418578e-03  3.1092565e-04
 -3.7559024e-03 -3.1366409e-03  5.7461602e-03 -1.4635908e-03
 -2.0191681e-03 -2.4434172e-03  7.2720437e-04  3.7477743e-03]",['External']
FLvVpucAAAAJ,Smiljana Petrovic,"[-1.39836513e-03 -7.96031673e-04  2.22585397e-03  8.24848190e-03
 -4.90983715e-04 -4.11411561e-03  4.80320305e-03  5.33794705e-03
 -2.76281219e-03 -3.04196496e-03 -2.31904211e-04 -5.47240861e-03
 -2.34327232e-03  1.98578043e-03  1.97996735e-04  1.71628338e-03
  1.55879674e-03  3.15507152e-03 -5.41691482e-03 -9.19491751e-04
  2.36926763e-03  5.03622089e-03  4.60556243e-03 -3.79199232e-03
  4.68167616e-03  5.11706457e-05 -3.18562007e-03  3.58219491e-03
 -1.88896619e-03 -7.78674439e-04  1.29917148e-03 -2.17023119e-03
  6.33701775e-03 -2.93874997e-03 -6.14937395e-04  1.21257012e-03
  4.24756343e-03  2.21166760e-04  4.52210056e-03 -1.59468781e-03
 -1.19567569e-03 -8.53413367e-04 -3.30679305e-03 -1.27635500e-03
 -7.43449898e-04  5.01050288e-03 -4.63445857e-03  2.96890270e-03
  4.43468802e-04  1.23310089e-03  8.78755469e-04 -3.55040561e-03
 -1.73924386e-03 -1.68562503e-04  2.68697226e-03  2.30540638e-03
  3.47947003e-03 -3.62870237e-03  5.10449929e-04  5.59423864e-03
 -2.22226349e-03  1.03186956e-03 -5.60097629e-03 -4.02211864e-03
 -2.37249723e-03  1.28389057e-03  8.73239071e-04  1.89732155e-03
 -1.07936421e-03  4.29041358e-03 -7.27724750e-04 -2.18940410e-03
  3.63849429e-03 -1.04136067e-04  1.16234249e-03 -2.74420250e-03
  4.41888254e-03 -3.49845854e-03  4.14510258e-04 -3.82173667e-03
 -1.10004109e-03  4.85555036e-03  2.20091455e-03  6.37871446e-04
 -5.02469949e-03 -1.01047364e-04 -1.92587031e-04 -5.74704958e-03
 -2.60243751e-03 -2.10442557e-03  4.25005856e-05 -8.22781993e-04
  3.59690725e-03  1.33023434e-03  1.82825862e-03  3.03756958e-03
 -1.76550762e-03  3.79508245e-04 -1.05457520e-03  2.58220825e-04]",['External']
qTDb7kAAAAAJ,Anoop Aroor,"[-5.7950465e-04  2.1442407e-04  5.1081139e-03  8.9994175e-03
 -9.2392880e-03 -7.1933297e-03  6.5448722e-03  9.1059031e-03
 -5.0627226e-03 -3.8280941e-03  7.3630968e-03 -1.5775511e-03
 -4.5488938e-03  6.6053914e-03 -4.8881397e-03 -1.8752711e-03
  2.9450676e-03  9.1874215e-04 -8.3465297e-03 -9.5782485e-03
  7.3214946e-03  5.1386249e-03  6.6744327e-03  7.1562000e-04
  6.3448921e-03 -3.4096979e-03 -9.5759536e-04  5.7173301e-03
 -7.5941570e-03 -3.9052784e-03 -7.4369311e-03 -9.5249270e-04
  9.5479917e-03 -7.3912134e-03 -2.3912448e-03 -1.8700396e-03
  8.0612199e-03 -5.9879124e-03  9.7209399e-05 -4.8592743e-03
 -9.5521612e-03  4.9696830e-03 -8.7868078e-03 -4.3649063e-03
 -2.2612539e-05 -3.6414113e-04 -7.6653780e-03  9.5911352e-03
  5.0600646e-03  9.2347125e-03 -8.1408098e-03  4.3891757e-03
 -4.1734967e-03  8.4835483e-04  8.4540900e-03 -4.4360338e-03
  4.5849518e-03 -6.7622252e-03 -3.5490806e-03  9.4643040e-03
 -1.5407980e-03  3.5511309e-04 -4.1136728e-03 -7.7040922e-03
 -1.5253720e-03  2.5722978e-03 -7.9009013e-04  5.5704187e-03
 -2.8773495e-03  2.3408106e-03  5.4009762e-03  8.3566839e-03
 -1.4168972e-03 -9.2960568e-03  4.4821692e-03  5.6637439e-04
  7.4442644e-03 -7.7300199e-04 -2.7534845e-03 -8.7969862e-03
 -9.3466829e-04  2.9215082e-03  5.3712139e-03  7.2210161e-03
 -5.7627046e-03  1.8837088e-03  6.1592609e-03 -4.7659804e-03
 -3.0999826e-03  6.8156859e-03  1.7522306e-03  2.4932230e-04
  3.5020902e-03  2.4016932e-04  9.6633248e-03  5.0556432e-03
 -8.8340566e-03 -7.0803449e-03  9.5872843e-04  6.4671151e-03]",['CUNY']
8D_Ggb4AAAAJ,Raj Korpan,"[ 5.4794089e-03  3.5038826e-04  6.0666618e-03 -2.0541043e-03
 -4.2945906e-03 -4.5356173e-03 -2.3466542e-03  6.4037214e-03
 -5.9667076e-03 -6.2133502e-03  6.1869002e-03  1.3097104e-03
  6.4619660e-04  2.9045485e-03  1.3628890e-03  2.3671922e-03
 -2.8392734e-04  1.0504461e-03 -4.6057627e-03 -7.4016042e-03
  3.3367102e-03 -1.8680278e-03  6.5450645e-03 -2.0850478e-03
 -8.0749545e-05 -2.1405895e-03 -2.5582509e-03 -3.9710765e-04
  2.6195652e-03  1.7800188e-03 -7.0127719e-03 -2.2563250e-03
  7.3801237e-03 -2.7307903e-03  3.5340087e-03  2.9868807e-03
  3.8104979e-04  2.7063137e-04  5.2430510e-04 -2.3214165e-03
 -3.1062861e-03 -4.4514600e-04 -2.9516153e-03  3.5924774e-03
 -8.4902643e-04 -5.4931766e-03 -1.8200685e-03  1.6658836e-03
 -1.5911777e-03  5.3533334e-03 -3.8767273e-03  2.5719539e-03
 -5.9350631e-03  2.6904021e-03  2.7248904e-03 -1.6076835e-03
  1.7871656e-03 -1.4719400e-03  3.6724911e-03  3.1003486e-03
 -2.2844765e-03  1.4194194e-03 -1.6800311e-03  6.4584507e-05
 -6.8033128e-03  5.3386050e-03 -1.8860229e-03  1.1678743e-03
  1.7332280e-03  1.1559554e-03  1.8779567e-03  3.6855142e-03
 -2.4126160e-03  4.5637693e-04  1.0934895e-03  6.3762133e-04
  2.2841052e-03 -5.1620713e-04  1.0824088e-03  1.2297295e-03
  1.7990528e-04  4.1188956e-03  1.2414615e-03  7.3213582e-03
 -5.0386973e-03  4.5271856e-03 -1.4130551e-03 -1.3574414e-03
  1.9463320e-03  4.8947237e-03  9.1812061e-04 -1.8772036e-03
  1.4231961e-03 -1.0029501e-03  3.2715576e-03  3.5234301e-03
 -1.0591833e-03 -6.0705817e-03 -1.1837310e-03 -1.1706209e-03]",['The Graduate Center']
PgKMWxMAAAAJ,Eric Schneider,"[-2.6513906e-03 -3.7128329e-03 -1.3811718e-03  4.5828577e-03
 -2.1427856e-03 -5.5408352e-03 -8.2858774e-04  5.7031200e-03
 -2.2330135e-03 -3.1465641e-03  1.0857732e-03 -3.4205378e-03
 -3.5817861e-03  5.0343997e-03  5.9047237e-04  5.0776778e-04
  6.8824145e-04 -2.4607182e-03 -5.7499325e-03  4.1723400e-03
  1.1563866e-03 -3.3195100e-03  6.9549854e-04 -1.2102412e-03
  3.2344689e-03  1.0970831e-03 -4.4547757e-03 -4.4223675e-04
 -3.6802358e-04  1.1971119e-03 -6.5304508e-04  3.8804724e-03
 -1.5116993e-03 -3.3042226e-03 -2.7460809e-04  9.8811463e-04
 -6.0846098e-04 -6.6387904e-04 -7.6468813e-04 -1.5135373e-03
  9.0321897e-05 -6.2752905e-04  5.5705663e-04 -2.6253812e-04
 -1.5577029e-03  1.8480994e-03  1.8265403e-03  1.7113445e-04
  1.8206736e-03  3.7781007e-03  2.1774890e-03 -3.9399792e-03
  2.5195500e-03 -4.6979240e-03 -3.3622197e-04 -2.0400446e-03
  2.2630650e-03 -5.1186886e-05  1.0884998e-03  4.0052258e-03
  3.2949843e-03 -2.2033597e-03  1.5803252e-03 -4.3100105e-03
 -2.1649832e-04  4.7497329e-04  2.4815039e-03  2.9068708e-03
  2.0946823e-03  2.2606715e-03 -5.4349983e-04 -6.1818627e-03
 -5.7186728e-04  1.4351744e-03  1.7193707e-03 -8.7091903e-04
 -3.4398264e-03 -1.5247345e-03  2.8681550e-03 -1.5343061e-03
 -8.9255784e-04  5.7369065e-03 -4.5313110e-04 -5.7557062e-03
 -7.8621099e-04 -4.1062040e-03  4.1415673e-03 -2.0596469e-03
 -9.2461240e-05  1.3600554e-03  4.9853311e-03 -1.7731991e-03
  1.3122634e-03 -8.1609935e-05 -4.5663893e-04  3.5013042e-03
  1.8155727e-03 -1.4340505e-04 -4.0306849e-03 -1.3190450e-03]",['External']
YlYlGo0AAAAJ,Xi Yun,"[-6.9601508e-03  3.2577030e-03 -4.0983976e-04  8.0329936e-04
  5.0263887e-04 -4.9649673e-03  1.6839023e-03  6.6027506e-03
  2.8094006e-04 -3.3205817e-03  3.4845148e-03 -8.1340148e-04
  2.1123267e-03  7.2616222e-04  1.8932859e-03 -1.4604604e-03
  2.8236993e-03  5.5545365e-04  1.0280231e-03 -6.0309907e-03
  3.0335602e-03  2.1500001e-04  3.7882867e-04 -2.6056289e-03
  2.2290773e-03  3.0051516e-03 -5.2778763e-03  3.0558466e-03
  4.5477101e-04 -1.6045829e-03 -2.6328966e-03 -7.0359663e-04
 -3.2539950e-03 -1.8956542e-03  3.8173436e-03  2.0424696e-03
  2.5414764e-03 -3.7309485e-03  3.8457036e-03 -1.6533423e-03
 -2.1669283e-03  5.1939866e-04 -6.3821105e-03 -2.7847763e-03
  6.0183823e-04  1.5570082e-03  2.8802222e-04  9.8972348e-04
 -5.5479992e-04  3.2581282e-03 -2.4534143e-03  3.4567475e-04
 -1.1894635e-03  2.1435553e-03  3.9031166e-03  1.9587639e-03
  2.4043515e-03  3.4904703e-03 -1.6696381e-03  7.2513716e-03
 -2.8910529e-04 -7.7982625e-04 -8.6531154e-04 -6.4952569e-03
 -2.0489830e-03  4.1765100e-03  1.3174320e-03  1.8521823e-03
  5.5159989e-04  3.8766023e-03 -3.8144010e-04  1.9503024e-03
  1.9491281e-03  6.8271032e-04 -1.6078216e-03 -6.4605370e-04
 -1.9779257e-03 -1.0879735e-03 -3.5007141e-04 -1.5041213e-03
 -2.3966837e-03  2.3387875e-03  4.4801406e-04  4.8073111e-04
  6.2236178e-04  1.0935160e-03  5.3348520e-04 -2.9060605e-03
  2.0527183e-03  2.9918354e-05 -7.6476345e-04 -3.3830900e-03
  4.6572206e-03 -8.4337780e-06  1.3989444e-03  1.0495408e-03
  3.6447570e-03 -1.7500650e-03 -9.4708783e-04  9.7495335e-04]",['The Graduate Center']
a8gYKGkAAAAJ,Eugene Freuder,"[ 2.6892412e-03  1.9973204e-03  3.4405037e-03  4.8128944e-03
 -2.0329421e-04 -1.1723973e-03 -5.9311115e-04  8.5302573e-03
 -5.2080089e-03 -2.3366278e-03 -9.7051356e-04 -5.4610036e-03
 -4.1725608e-03  5.9718471e-03 -1.6291522e-03 -1.3487684e-03
 -1.4681093e-03  3.2847277e-03 -1.3145804e-04 -1.2581705e-03
  3.2078095e-03 -1.6613232e-03  7.3140031e-03 -6.6040858e-04
  4.3923394e-03  7.0151722e-04  4.3353988e-03  2.3757652e-03
 -6.1342381e-03 -2.4362393e-03 -2.1990282e-03 -6.9141830e-04
  3.9510396e-03  1.1857799e-03 -4.1130232e-05 -3.5325889e-03
  8.7299030e-03 -6.3630198e-03 -1.4625456e-03  2.4305074e-04
 -7.6917242e-03  5.8767637e-03 -7.4801333e-03 -6.7237001e-03
 -4.5930417e-03  9.5168059e-04 -8.6394046e-04  8.3669927e-03
  4.0395232e-03  6.8003386e-03 -4.3527791e-03 -1.3335883e-03
  2.9002284e-03 -2.8942353e-03  7.6645059e-03 -2.7589831e-03
  1.6816531e-03 -4.6465434e-03  2.2176243e-03  1.4163151e-03
  1.7920975e-04  3.6616236e-04 -1.4239803e-03 -6.9541521e-03
 -4.9476209e-03 -2.9431013e-03 -2.4267980e-03  2.6882284e-03
 -4.6857521e-03  5.5671870e-03  4.0377383e-03  7.0830761e-04
 -3.2136268e-03 -7.6608146e-03 -1.8224672e-03  3.9293338e-04
  3.1659773e-03  4.0966570e-03  7.5296662e-04 -4.8813401e-03
  4.1640098e-03 -1.4285818e-03 -1.7821616e-03  4.3597464e-03
 -5.7930830e-03 -8.2985713e-04  4.1293353e-03 -6.2331008e-03
 -2.4637654e-03  4.6979100e-03  1.5120604e-03 -5.2968552e-04
  1.1830238e-03  4.6788575e-03  6.3858386e-03  1.3698530e-03
 -7.0413398e-03 -7.0156492e-03 -3.0873998e-04  1.4707777e-03]",['External']
9X6Me5oAAAAJ,Peter Lipke,"[-7.0924987e-04  7.9877265e-03  1.3709796e-03 -1.7899189e-03
  2.4917349e-03 -2.8776627e-03 -9.8373508e-05  2.4512666e-04
  6.2556341e-03  6.1734417e-04 -1.3914758e-03 -2.3566342e-03
 -1.3679918e-03  4.3186825e-03  8.4704615e-04  6.4057386e-03
 -6.0433187e-03  2.6481571e-03 -1.1143190e-03 -2.5987388e-03
 -7.1446197e-03  3.1017291e-03 -3.3425138e-04  1.8403017e-03
 -6.0594743e-03  1.6607220e-03  3.8124193e-03 -3.9237868e-03
  3.5880101e-03  3.0852910e-03  2.7258000e-03 -4.5628827e-03
 -1.0125991e-04  1.8894835e-03 -3.6309122e-03 -2.9962650e-04
  8.2873623e-05 -4.7040498e-04  5.5987658e-03 -2.8419425e-03
  3.4138588e-03 -3.3854425e-04 -4.2805274e-04 -5.5527999e-03
 -2.6822072e-03  2.4708533e-03 -1.3038306e-03 -2.9202609e-05
  1.9735096e-03 -1.4121715e-03 -1.8541983e-03  6.0435978e-04
  2.8988249e-03  1.7142431e-03  1.6775168e-03  5.5122003e-03
  1.4384335e-04 -2.0555272e-03 -1.2883492e-03 -3.6368840e-03
  3.3303923e-03 -1.6002451e-03 -2.4220450e-03  3.7199566e-03
  4.9425820e-03 -4.4791871e-03  3.4313418e-03 -4.3527624e-03
 -1.8695663e-03  3.2086512e-03  2.6266058e-03 -3.6293049e-03
 -2.2227664e-03 -2.9503461e-03  1.2496754e-03  3.8245004e-03
 -2.6481913e-03 -5.1015872e-04 -7.9922192e-04  9.5618668e-04
  2.8486043e-05 -2.7866962e-03 -3.6368708e-03  5.5561622e-04
 -3.2234769e-03 -3.0515275e-03 -8.6348283e-04  4.0393798e-03
  1.3437165e-03 -1.0562683e-03  1.0285005e-03  7.6145364e-04
  2.4174801e-03  1.1683116e-03  4.3672109e-03 -5.7233986e-04
 -1.9981372e-03 -1.3472888e-03  9.8831579e-04  1.7123848e-03]",['Brooklyn College']
Ds6u39QAAAAJ,Weigang Qiu,"[ 3.3695810e-04 -2.6065204e-03  1.2574476e-04 -4.0598083e-03
  4.7251969e-03 -1.3976821e-03  8.4830000e-04  1.4515476e-03
  1.8977670e-03 -7.8058059e-05  9.0921175e-04  1.0416496e-03
 -4.8070000e-03 -3.8386569e-03 -6.6974328e-04 -8.7176089e-04
  4.1150564e-04 -2.3750240e-06 -2.9704486e-05 -4.5616698e-04
 -5.8495859e-04  3.2179181e-03 -9.2519831e-04  4.3931105e-03
  1.2907732e-03  2.2920328e-03  1.2700353e-04  1.2700679e-06
  6.8911258e-04  1.9485455e-03 -1.3017301e-03  1.1699994e-03
  1.1763712e-03 -2.6080240e-03 -1.6010965e-03  3.9411038e-03
  2.5355935e-03 -2.8328556e-03 -2.2403547e-03 -1.9507764e-03
  2.7740404e-03  5.4347806e-04 -1.1415500e-03 -1.1067108e-03
  3.2426229e-05 -1.8738937e-03 -1.3730003e-03  9.5534476e-04
  3.0593115e-03 -1.6985756e-03  9.1852609e-04 -2.6144057e-03
 -1.1254763e-03  2.4256893e-03 -1.6553156e-03 -1.0288408e-03
  2.1846495e-03 -1.4782522e-03  1.6522177e-03 -1.8546050e-03
 -3.0682045e-03  2.0020127e-03  2.4972475e-04 -3.2340370e-03
 -4.1836826e-04  4.4334298e-03  4.3908292e-03 -2.4559190e-03
 -2.5394775e-03  6.7532368e-05 -5.9750658e-03  1.2208587e-03
 -2.4778903e-03  3.2280434e-03 -5.3162512e-04  2.0345128e-03
 -5.2992429e-04  9.0369832e-04 -4.6421047e-03 -2.7994956e-03
  1.0230457e-03 -2.0478238e-04 -3.6520232e-03  2.3274946e-03
 -4.8020729e-03  3.6838404e-03  2.2717663e-03 -8.2467758e-04
 -4.6993970e-04  5.6886752e-03  1.3912513e-03  2.0200207e-03
 -1.1891788e-03 -9.1019535e-04  2.5634153e-03  7.4479358e-05
  2.4794699e-03 -1.2077335e-03  2.2719973e-03 -1.2046169e-03]",['Hunter College']
B9VfE1cAAAAJ,Matthew Evanusa,"[-4.8534182e-04  2.6924969e-03  1.1008698e-03  3.1910781e-03
  2.5012628e-03  9.7163685e-04  1.8063700e-04  4.5392388e-03
 -4.9265195e-03  4.0901960e-03 -1.0689074e-03 -1.6991934e-03
 -3.4964096e-03 -1.2419141e-03  4.2253984e-03 -1.8081174e-03
  1.0051965e-03 -1.8300491e-03  1.2621928e-03 -3.7492295e-03
  2.9820687e-04  5.1810564e-03 -1.0728050e-03  9.1995789e-05
 -1.0637488e-03 -3.9943485e-03  6.1859188e-05  4.2928648e-04
 -4.7967611e-03  1.0513969e-03  1.7265187e-03 -4.5812377e-03
  3.1817551e-03 -4.0632393e-03 -1.9496551e-03  9.6608198e-04
  3.6821901e-03 -4.0654647e-03  4.7299648e-03 -4.5200628e-03
 -3.3217848e-03  1.8453610e-03 -3.5610809e-03  2.9532940e-03
  2.2679646e-03  4.7750827e-03  8.3656318e-04  2.7903493e-03
  4.0446417e-04  1.0845942e-03  1.6647435e-03  2.4396130e-03
 -7.2826893e-04  8.7261124e-04  3.1285200e-03 -2.2640508e-03
  1.2626677e-03  7.7693071e-04 -8.3655713e-04 -9.0637431e-04
 -3.3788879e-03  5.5373847e-03 -3.7698783e-03 -3.2942712e-03
  2.1580916e-03  1.1307638e-03 -1.2400014e-03  1.7774742e-03
 -1.7739529e-03 -2.4358737e-03  3.0173308e-03  1.6372266e-03
  8.0156297e-04 -1.2110147e-03  1.4083061e-03 -2.5784262e-04
 -7.3861796e-04 -6.4547360e-04 -1.1388734e-03 -4.6372614e-03
 -8.3544274e-04  1.4270475e-03  1.0008506e-03 -4.7383373e-04
 -6.1938475e-04  2.7941905e-03 -5.3542556e-04  4.3556682e-04
  1.6566806e-03  3.8885861e-03  3.9058651e-03  1.1884617e-04
 -7.0533820e-04 -2.2379281e-04  6.9303848e-03  1.4636799e-03
 -1.9340951e-03 -3.1267442e-03  4.1645826e-03 -3.9802520e-03]",['External']
CujCxdYAAAAJ,Lei Xie,"[-5.38463984e-03  5.64176962e-03  3.17004928e-03 -5.60726796e-04
  5.90434577e-03 -1.93520053e-03  3.03080069e-05 -1.43857358e-03
 -4.01315000e-03  2.97398394e-04 -1.92731735e-03 -4.98746708e-03
  5.02031203e-03  2.34258920e-03  3.73848714e-03  4.35831316e-04
 -1.65299047e-04  4.10879496e-04 -3.17506073e-03 -3.54807219e-03
  2.18046410e-03 -4.91457293e-04  4.04522102e-03 -7.02573359e-03
  3.71183152e-03 -9.10626550e-04 -8.83516506e-04 -5.21706534e-04
 -3.13955173e-03 -4.33725165e-03  3.75178037e-03  1.70693663e-03
  1.25718699e-03  4.89178230e-04 -2.61064386e-03  2.96401000e-03
 -7.26271654e-04  4.68542334e-03 -4.14232964e-05 -3.25683644e-03
  1.69595587e-03  5.24656207e-05 -1.95681024e-03 -2.15139473e-03
 -3.93618038e-03 -1.62673648e-04  2.42822920e-03 -1.08405075e-03
 -4.04218398e-03  2.08851835e-03  2.81705661e-03 -1.97050860e-03
 -3.39977629e-03 -5.39141241e-04  1.80154224e-03 -1.27569062e-03
  3.80205060e-03  2.75871577e-03 -3.80337914e-03 -1.00873143e-03
  6.19976607e-04 -4.25697304e-04  1.62814464e-03 -1.11269543e-03
  4.63483477e-04 -3.20236111e-04  1.04884522e-04 -2.14519422e-03
 -1.56399980e-03  4.52001905e-03 -4.08335077e-03 -7.12935231e-04
  2.41231523e-03  5.49135264e-03 -1.06758394e-04 -3.78569262e-03
 -1.93887611e-03 -5.03749866e-03 -4.17567557e-03 -1.97289558e-03
  1.09025033e-03 -8.53191887e-04 -1.63725798e-03 -1.24510378e-03
 -3.49729089e-04 -3.44734843e-04  1.56511832e-03 -1.17508287e-03
 -1.07754918e-03  3.17902392e-04  1.09506841e-03  8.27837153e-04
 -4.47628379e-04  7.38060742e-04  4.46313439e-04  5.00921020e-03
 -4.93890431e-04  1.45269278e-03  1.42012420e-03 -4.02005808e-03]",['Hunter College']
8dRxlUsAAAAJ,saad mneimneh,"[0. 0. 0. 0. 0. 0. 0. 0. 0. 0. 0. 0. 0. 0. 0. 0. 0. 0. 0. 0. 0. 0. 0. 0.
 0. 0. 0. 0. 0. 0. 0. 0. 0. 0. 0. 0. 0. 0. 0. 0. 0. 0. 0. 0. 0. 0. 0. 0.
 0. 0. 0. 0. 0. 0. 0. 0. 0. 0. 0. 0. 0. 0. 0. 0. 0. 0. 0. 0. 0. 0. 0. 0.
 0. 0. 0. 0. 0. 0. 0. 0. 0. 0. 0. 0. 0. 0. 0. 0. 0. 0. 0. 0. 0. 0. 0. 0.
 0. 0. 0. 0.]",['Hunter College']
numVGwQAAAAJ,Philip C. Jackson,"[-7.1589818e-04  7.7955431e-04  6.1071175e-03  1.7486300e-03
 -3.2487668e-03 -6.7014019e-03  1.2295557e-03  6.7585423e-03
 -3.9322879e-03 -6.1189122e-03  5.1031942e-03 -4.5972951e-03
 -4.9350102e-04  2.9434937e-03  7.9486129e-04  3.3959970e-03
  4.0756948e-03  1.8496056e-03 -3.1189593e-03 -6.1871782e-03
  2.3053489e-03 -6.5088779e-04  7.4220584e-03 -4.2243055e-03
  2.1547514e-03  1.2882968e-03 -2.1321187e-03  2.1702319e-03
 -8.3978428e-04  2.2477063e-03 -4.4220375e-04 -1.5221759e-03
  6.0395245e-03 -1.8099091e-03  2.5900595e-03  1.8871779e-03
  5.7856948e-03 -5.9866859e-04  1.0987228e-03  1.3239245e-03
 -1.0569664e-03 -8.9679967e-04 -8.0890572e-03  9.0894342e-04
 -3.2098368e-03  7.5106196e-05 -1.4901148e-03  2.1623992e-03
 -3.3161559e-04  3.9047885e-03 -1.9102340e-03 -2.1886074e-03
 -3.9209118e-03  2.1114177e-03  3.5859756e-03  1.3308589e-03
  2.7064609e-03 -6.5729412e-04  9.3763758e-04  6.9887699e-03
 -6.3047018e-03  5.5472057e-05 -2.1068593e-03 -3.5510932e-03
 -2.4823265e-03  4.2184968e-03 -5.2802480e-04 -2.5021757e-03
  2.6467016e-03  1.8644781e-03  1.7278482e-03  2.8537784e-03
  1.8993982e-04  2.1645415e-03  1.8265533e-03  1.2484672e-03
  2.0239884e-03 -4.1339290e-03 -3.5379609e-04 -1.9843774e-03
 -1.5716905e-03  5.1742359e-03  5.7157106e-03  2.9864211e-03
 -4.8059388e-03  1.3603353e-03  4.0449415e-04 -3.6970566e-03
  1.9037994e-03  2.1682540e-03  3.4864598e-03  7.0452224e-05
  1.4773192e-03 -6.2152540e-04  4.6276799e-04  2.5967977e-03
  2.0299281e-03 -4.9858084e-03 -1.5614224e-03  9.5859292e-04]",['External']
SeW3bhwAAAAJ,Paul Rosenbloom,"[-5.7950465e-04  2.1442407e-04  5.1081139e-03  8.9994175e-03
 -9.2392880e-03 -7.1933297e-03  6.5448722e-03  9.1059031e-03
 -5.0627226e-03 -3.8280941e-03  7.3630968e-03 -1.5775511e-03
 -4.5488938e-03  6.6053914e-03 -4.8881397e-03 -1.8752711e-03
  2.9450676e-03  9.1874215e-04 -8.3465297e-03 -9.5782485e-03
  7.3214946e-03  5.1386249e-03  6.6744327e-03  7.1562000e-04
  6.3448921e-03 -3.4096979e-03 -9.5759536e-04  5.7173301e-03
 -7.5941570e-03 -3.9052784e-03 -7.4369311e-03 -9.5249270e-04
  9.5479917e-03 -7.3912134e-03 -2.3912448e-03 -1.8700396e-03
  8.0612199e-03 -5.9879124e-03  9.7209399e-05 -4.8592743e-03
 -9.5521612e-03  4.9696830e-03 -8.7868078e-03 -4.3649063e-03
 -2.2612539e-05 -3.6414113e-04 -7.6653780e-03  9.5911352e-03
  5.0600646e-03  9.2347125e-03 -8.1408098e-03  4.3891757e-03
 -4.1734967e-03  8.4835483e-04  8.4540900e-03 -4.4360338e-03
  4.5849518e-03 -6.7622252e-03 -3.5490806e-03  9.4643040e-03
 -1.5407980e-03  3.5511309e-04 -4.1136728e-03 -7.7040922e-03
 -1.5253720e-03  2.5722978e-03 -7.9009013e-04  5.5704187e-03
 -2.8773495e-03  2.3408106e-03  5.4009762e-03  8.3566839e-03
 -1.4168972e-03 -9.2960568e-03  4.4821692e-03  5.6637439e-04
  7.4442644e-03 -7.7300199e-04 -2.7534845e-03 -8.7969862e-03
 -9.3466829e-04  2.9215082e-03  5.3712139e-03  7.2210161e-03
 -5.7627046e-03  1.8837088e-03  6.1592609e-03 -4.7659804e-03
 -3.0999826e-03  6.8156859e-03  1.7522306e-03  2.4932230e-04
  3.5020902e-03  2.4016932e-04  9.6633248e-03  5.0556432e-03
 -8.8340566e-03 -7.0803449e-03  9.5872843e-04  6.4671151e-03]",['External']
jzhVKCYAAAAJ,Oscar J. Romero,"[-2.8318488e-03 -4.9161585e-04  3.7165894e-03  2.0744579e-03
 -3.5131485e-03 -4.0942119e-03  1.4344730e-03  4.3978365e-03
 -8.4134302e-04 -4.3152622e-03  1.0157891e-03 -1.6434677e-03
 -1.4412068e-03  4.4269133e-03  9.6908875e-04  2.1182653e-03
  3.0067111e-03  2.5138988e-03 -3.7297073e-03 -3.6326074e-03
  1.7270604e-03  1.2402678e-03  4.6106597e-04 -9.8814140e-04
 -8.5023884e-04 -5.5361108e-04  6.1704312e-05  5.6821387e-04
 -1.8631739e-03 -1.8335131e-03  4.3625925e-03 -1.3356848e-03
  3.2475623e-04 -2.4056237e-03  3.3850968e-04 -2.2198688e-03
  6.9248825e-03  7.9413783e-04  2.0795118e-03  3.5014958e-03
  1.4115737e-03 -3.8390985e-04 -2.1480371e-03 -2.3380467e-03
  7.3732046e-04 -3.4924082e-03 -7.0365553e-04  7.4466562e-04
  3.6511309e-03  2.8794033e-03  2.9904202e-03 -2.3346991e-04
  8.3662168e-04  2.0945326e-03  2.8040988e-04  5.3906702e-03
  6.4211702e-03  2.9855166e-03 -1.7401762e-04  3.3560551e-03
 -1.1629045e-03  2.1446873e-03 -1.0543067e-03 -1.9429345e-03
 -1.2858990e-03  3.9910455e-03 -7.5251606e-05 -4.4553177e-03
  2.9207391e-03  4.0773414e-03  2.6883680e-04 -1.0494959e-03
 -8.6901040e-04 -1.6425848e-03  4.0368857e-03  7.6557987e-04
  2.5666112e-03  1.8168315e-03 -6.9843198e-04 -1.8764995e-03
 -2.1257496e-03  1.8051222e-03  1.0093038e-03  1.7430034e-03
 -1.5679697e-03  2.5951243e-03 -3.6653728e-04 -8.1070664e-04
 -1.3826810e-03  4.8019006e-03  2.6422890e-04 -2.7380390e-03
  2.9159270e-04 -1.3747429e-03  2.5411476e-03  4.9182959e-04
  3.7150576e-03 -3.1943484e-03 -2.3096637e-03  1.6947858e-03]",['External']
soO0N4kAAAAJ,Jerald D. Kralik,"[-8.6405443e-04  1.3156214e-03 -1.2882401e-03 -8.9045829e-04
  4.5487732e-03  3.3848111e-03  1.6497530e-03  1.9595679e-03
  1.0316662e-03  3.8745045e-03 -3.9265393e-03  8.1249775e-04
 -2.0923696e-03  1.9109758e-04 -6.6368133e-03 -3.3515301e-03
  3.4528472e-03  3.8048532e-04  3.6963270e-04 -3.1602974e-03
 -1.5289261e-03 -3.8073902e-04  1.9487487e-03  1.5209711e-03
 -3.4878079e-03 -9.6860790e-04 -6.0465266e-03  2.8315422e-03
 -3.0728714e-03  4.4847867e-03  2.4978733e-03 -1.3367506e-04
 -1.7286169e-03 -2.6869259e-03 -1.3172958e-03 -1.8233918e-03
 -3.0822481e-03  1.2612561e-03  1.9260868e-03 -2.5748047e-03
 -4.9014774e-04 -1.9285217e-03 -3.6290705e-03  3.4314766e-05
 -2.7645752e-03 -5.3865961e-03  1.9527118e-03 -3.6472920e-03
  1.4189263e-03 -1.6902872e-04  1.7718194e-03 -2.5362256e-03
  1.5227313e-03 -3.1557058e-03  7.0267619e-04 -1.7680051e-03
 -2.3310585e-03 -2.4476990e-03 -2.4104146e-03 -7.9019991e-04
 -1.1286868e-03 -5.7726898e-03  3.2669858e-03  1.9463176e-04
 -2.4213488e-03  9.5365773e-04  5.0925002e-03 -7.1777252e-04
 -6.0991324e-03  8.6068286e-04 -1.0162882e-03  7.0347916e-04
 -2.8835976e-04 -2.7789627e-03 -7.9656421e-04 -2.9632582e-03
 -1.6162929e-03  1.1554502e-03 -7.5184659e-04 -1.1315912e-03
 -2.8872113e-03  2.2451181e-03  1.2638501e-03  4.0661572e-03
 -1.8719934e-03 -4.2068260e-03  2.2745286e-03  3.3949174e-03
 -1.6032795e-03  3.9597956e-04  2.0712884e-03 -2.8759001e-03
  4.1947560e-03 -6.6882386e-03  3.3765193e-04 -3.9891889e-03
  2.9772664e-03  5.3642979e-03 -9.7221287e-05  2.9099011e-03]",['External']
s8wgnOYzOj8C,Walid Chaker,"[-1.9413640e-04  1.1810706e-03  3.0826852e-03  8.2944995e-03
 -6.8318527e-03 -3.4385545e-03  6.7744595e-03  5.6897551e-03
 -4.0580775e-04  2.3607502e-04  3.0506337e-03 -4.9529728e-03
 -7.5418374e-04 -1.1341795e-03 -3.7820605e-03 -5.6301239e-03
  1.2533547e-03 -3.4745513e-03 -4.6671298e-04 -7.2350902e-03
  8.6194929e-03 -1.9523583e-03  1.1824442e-03  1.3201090e-03
  1.6800051e-03 -9.8156417e-04 -2.3219679e-03  2.4100950e-03
 -6.6620708e-03 -6.8560410e-03 -5.4995972e-04 -2.8503424e-04
  8.0308560e-03 -7.4354387e-03  6.3580961e-04 -5.8837826e-03
  7.8381002e-03 -4.2326981e-05 -3.0072723e-03  1.6718199e-03
 -7.5685726e-03 -1.7931878e-03 -3.6457775e-03 -5.9021241e-04
 -4.0590572e-03 -4.6520815e-03  7.5409794e-04  5.6126704e-03
  2.9721151e-03  5.8538849e-03 -5.8274567e-03  3.0567974e-03
 -1.1064131e-03  5.3335777e-03  1.4265140e-03 -1.0791005e-03
  5.4484867e-03 -6.7220242e-03 -6.2406077e-03  9.0609351e-03
  2.6481645e-03 -1.8319682e-03  8.1653427e-04 -3.4583081e-03
 -3.2739402e-03  6.2229292e-04 -2.8415546e-03  5.8518718e-03
 -4.6278985e-04 -2.9851124e-03  2.6203520e-03  2.8587212e-03
  2.6006829e-03 -5.2245990e-03  6.0755298e-03  1.2566451e-03
  1.8009121e-03  3.6924083e-03  9.2111062e-05 -6.3833240e-03
 -3.2675080e-03 -8.0943224e-05  1.2349873e-04  5.3385822e-03
 -7.5231553e-03 -1.9695663e-03  4.7532269e-03 -2.2816556e-03
  1.4483535e-03  1.6053469e-03  8.7670010e-04  1.3648005e-03
  4.4813138e-03  9.2081173e-04  9.7434595e-03  4.3858322e-03
 -8.0029313e-03 -4.2415624e-03 -3.7021111e-03  5.7249842e-04]",['External']
uXFUnDMAAAAJ,Jeremi Gancet,"[0. 0. 0. 0. 0. 0. 0. 0. 0. 0. 0. 0. 0. 0. 0. 0. 0. 0. 0. 0. 0. 0. 0. 0.
 0. 0. 0. 0. 0. 0. 0. 0. 0. 0. 0. 0. 0. 0. 0. 0. 0. 0. 0. 0. 0. 0. 0. 0.
 0. 0. 0. 0. 0. 0. 0. 0. 0. 0. 0. 0. 0. 0. 0. 0. 0. 0. 0. 0. 0. 0. 0. 0.
 0. 0. 0. 0. 0. 0. 0. 0. 0. 0. 0. 0. 0. 0. 0. 0. 0. 0. 0. 0. 0. 0. 0. 0.
 0. 0. 0. 0.]",['External']
RN84DA8AAAAJ,Sam Anzaroot,"[-6.9053965e-03 -1.4896970e-03 -1.2635670e-03  7.0229946e-03
  2.7729585e-03 -6.5698586e-03 -1.5012759e-03  5.6550251e-03
 -2.8964425e-03 -4.9748449e-03  5.8307848e-04 -5.6275423e-03
 -3.5613801e-03  4.0983548e-03  1.9328122e-04  7.8399740e-03
  5.4083867e-03 -1.2531669e-03  1.2032175e-03 -3.7404678e-03
  1.5682665e-03 -4.2416621e-05  1.6218452e-03 -6.0242163e-03
  7.4184882e-03 -6.4736849e-04 -6.3020675e-03  6.8355994e-03
 -1.9759890e-03  1.0221854e-03  9.3039600e-03 -4.9262308e-05
  1.8623454e-03  1.7468308e-03 -2.3351638e-03  4.0576062e-03
  4.4725602e-03  5.1173083e-03  5.6318478e-03  6.7925500e-03
  6.2138052e-03 -4.8688846e-04 -6.2089125e-03 -2.4583975e-03
 -1.7184032e-03  5.1869415e-03  1.3419096e-03  2.2345751e-03
  2.8556313e-03  4.7719679e-03  5.1520830e-03 -7.8093586e-04
 -7.9748605e-04  5.7963398e-03  1.3758040e-03  1.9568251e-04
  2.5284975e-03  2.0240080e-03  2.0767841e-03  3.4530829e-03
 -5.6634210e-03  5.5181608e-03  2.3785543e-03 -3.3503172e-03
 -8.0508017e-04  4.0025241e-04  1.5081852e-03 -7.6354602e-03
  4.3606092e-03  1.2534102e-03 -6.2702410e-04 -1.5471380e-03
  7.4462243e-04 -1.5550274e-03  4.0247652e-04 -6.6761565e-03
 -2.2965604e-03 -3.1359852e-03  6.0470696e-03 -1.5262768e-03
 -2.9124501e-03  5.6998502e-04  1.5617915e-03  6.7018764e-04
  1.2966515e-03 -3.9781639e-03 -3.8690357e-03 -4.3086587e-03
  4.6000774e-03  4.1692262e-04 -3.9001456e-03  3.5376225e-03
  3.1238876e-03 -1.9860710e-04  3.5572536e-03 -2.2977332e-03
 -1.7891943e-03  1.7166751e-03 -2.8067268e-05  4.0142578e-03]",['External']
p5H9HIgAAAAJ,Jose Manuel Molina LÃ³pez,"[ 3.1534172e-04 -2.0044786e-03  2.9884416e-03  3.0417480e-03
 -6.2126080e-03 -2.8931554e-03 -1.8987223e-04  1.1564948e-03
  2.9605888e-03 -3.8121054e-03  3.8753937e-03 -2.7580694e-03
  5.2792975e-03  4.7860974e-03 -1.2650399e-04 -2.8880620e-03
  2.4301200e-03 -7.0957060e-04 -2.5540439e-03 -1.4459696e-03
  3.8439345e-03  4.5224940e-03 -7.4052426e-04 -8.7750354e-04
  1.0216730e-03 -7.2393578e-04 -6.0124462e-04 -9.8476978e-04
 -1.5252921e-03  3.0060252e-03 -5.0937738e-03 -2.4397610e-04
  5.2329991e-03 -4.4116694e-03 -5.8222837e-03  5.5019166e-03
 -3.0263374e-04 -6.2152538e-03 -4.8012374e-04 -3.0969086e-03
  3.3918140e-04  1.8713945e-03  2.7464167e-03 -1.1835820e-03
  2.8754505e-03  2.7165452e-03 -3.4144304e-03  4.0249812e-04
  2.2430527e-03  1.7716718e-04 -4.3571475e-03  5.4209633e-04
 -7.7656400e-04 -2.6472900e-03  3.4136258e-03  2.0308963e-03
  1.7876843e-03  1.5599935e-03  3.8574911e-03  1.1802837e-03
  1.3935313e-03 -2.3441375e-03 -1.0244756e-03 -2.4327277e-03
  5.1070354e-04  2.9784897e-03 -3.0156397e-03  2.9034718e-04
 -2.8233510e-03  2.2724306e-03  1.9669663e-03  3.2532928e-03
  1.0188924e-03 -2.8223954e-03  4.0488197e-03  3.7626917e-03
  1.9761249e-03 -1.2927194e-05 -1.8793631e-03  1.5896941e-03
 -8.4833085e-04  3.6890042e-04  9.2437130e-04  2.7690721e-03
  1.3966600e-03  1.0174762e-03  6.2282215e-04 -2.5887131e-03
  1.5458647e-03  3.7900079e-03  2.3068252e-03  2.1209539e-04
 -2.1522017e-03 -5.0682604e-04 -1.3075105e-04 -1.3241246e-03
 -8.4549403e-03 -2.8605567e-04  1.5535718e-04  3.0809604e-03]",['External']
xUe1-9UAAAAJ,George Rabanca,"[ 4.61880397e-03 -8.12162831e-03  5.19266259e-03 -3.75097588e-04
 -1.34531781e-03 -3.35936958e-04 -2.35088891e-03  1.65088591e-03
  3.70867754e-04 -2.59730220e-03  6.54170290e-04  4.22097743e-04
 -4.66239266e-03  6.02945779e-03 -4.82639298e-03  4.16583149e-03
 -8.14318843e-03  5.92131226e-04  9.93594760e-04 -1.02938642e-03
  7.59285223e-03  5.15220407e-03  3.83470859e-03 -1.30681437e-03
 -6.39866514e-04  1.81550952e-03  6.91031851e-03 -1.01511925e-03
 -4.35278658e-03 -6.95111230e-05  4.08829190e-03 -1.25645963e-03
  1.11015141e-03 -7.29609840e-03  6.30829530e-03 -1.26432907e-03
 -5.49184158e-04 -4.41543758e-03 -7.38389045e-03 -6.36855327e-03
 -5.05781081e-03 -3.07711959e-03 -5.28383860e-03  1.78475480e-03
  6.47855783e-03  2.83706700e-03 -3.04093678e-03 -3.53917177e-03
  8.96375813e-03  2.10488937e-03 -1.08179636e-04  8.12755665e-04
 -4.49823216e-03 -2.84165773e-03  5.99888526e-03  2.92869634e-03
 -3.75365047e-03 -2.58025480e-03 -5.67395752e-03 -3.07914428e-03
 -1.81426364e-03  5.87290060e-03 -2.85208516e-04 -1.18534430e-03
 -3.01031093e-03  5.15326485e-03 -5.79218939e-03  7.83068826e-04
  2.25823210e-03  1.83355273e-03  1.97669817e-03  3.17339716e-03
  2.43060337e-03 -1.29951281e-04 -1.47895759e-03 -3.31535237e-03
  6.82150014e-03 -7.78182782e-03  4.26703366e-04  1.02325599e-03
 -4.15342767e-03 -4.30943165e-03 -9.27880406e-03  2.70487741e-04
 -6.01719692e-03 -3.11949593e-03 -4.30067023e-03 -3.03542987e-03
  1.13918958e-03  2.41082977e-03  3.34039214e-03  3.76001443e-03
  6.70940243e-03  3.62658594e-03 -5.73612470e-03  3.32471868e-03
 -3.55264498e-03  2.84998072e-03 -5.67098195e-03 -2.81974860e-03]",['The Graduate Center']
vDw80QEAAAAJ,Warrren B Powell,"[-3.5157248e-03 -3.6754399e-03 -3.6571014e-03 -4.3679084e-04
 -1.3966679e-03 -3.3578344e-03 -2.7440756e-03  1.1429138e-03
  2.0328122e-03 -1.2283062e-03 -1.7758509e-03 -1.2796824e-03
 -5.6853592e-03  4.9533434e-03 -2.9009497e-03 -1.9547651e-03
 -5.4718563e-03  1.3197662e-03  4.9667978e-03  3.2915797e-03
 -4.7964006e-04 -1.4335656e-03  4.7579268e-04 -1.2217417e-03
  3.4273597e-03 -1.8114282e-03  3.8371743e-03  1.1298673e-03
  5.8538292e-04 -9.5737356e-05  1.0619515e-03 -1.0740331e-03
  2.0394675e-03 -4.0347036e-04 -4.3331116e-04  1.5724875e-03
 -2.8688050e-04  9.9114969e-04 -1.2046311e-03  1.6095830e-03
 -6.7892205e-04  1.2827618e-03 -4.1329563e-03 -2.9789362e-04
  1.1934651e-03 -7.0030795e-04 -2.1302588e-03 -1.3305127e-03
 -3.0741794e-04 -2.4322534e-03  1.6450267e-03  1.8320944e-03
  3.1612827e-03  1.1303498e-03  2.1784017e-03  4.6210424e-03
  8.7113649e-04 -1.7132167e-03  7.7137619e-04  1.1211091e-03
 -4.1000401e-03 -2.5432128e-03 -7.9766847e-04  6.0589559e-04
 -7.5734721e-04 -1.8289996e-03 -1.9228051e-03  2.7451199e-03
  2.5599641e-03  2.5937518e-03  1.7242637e-03 -1.3253659e-03
  2.2161906e-03  1.8991048e-03  1.5012346e-03 -2.5019853e-03
  2.4426309e-04 -1.4808608e-03  1.8100021e-03 -7.3081319e-04
 -3.4263213e-03 -2.5253306e-04  2.9978754e-03 -6.2704692e-04
  2.8315233e-03  1.4238049e-03  2.0946064e-03 -1.5726723e-03
  3.9289719e-03  3.3938996e-03  2.0352937e-04 -1.2089064e-03
 -9.1727835e-04 -2.3717522e-03 -3.4998432e-03  6.2729558e-03
 -2.3743440e-03 -2.4630409e-03  8.4579160e-04  2.2829061e-03]",['External']
t4rXchwAAAAJ,Ariel Felner,"[ 5.9461436e-04  3.6309382e-03  4.0524849e-03  1.0053581e-03
 -7.4455445e-04 -6.6133053e-03  7.7836378e-03  6.0465750e-03
 -4.5509497e-03 -4.2712339e-03  1.4692154e-03 -3.8788582e-03
  2.4413595e-03  1.9859527e-03  1.4488623e-03 -5.7984693e-03
  2.5387758e-03 -1.8506404e-04 -4.0669995e-04 -9.3478989e-03
  7.3818420e-03  3.9347680e-05  3.1619589e-04 -2.4644984e-03
  1.4754325e-03 -3.4135582e-03 -2.0835064e-03 -8.7412167e-04
 -3.4561567e-03 -2.2267676e-03 -4.5385971e-03  1.3839627e-03
  9.7169308e-04 -5.3352127e-03  1.3631589e-03  3.3695339e-03
 -8.8467123e-04  5.8973022e-04  2.6978473e-03 -4.3914430e-03
 -4.7286088e-04 -2.1299648e-03 -7.9349848e-04  5.1417691e-04
  6.4757396e-04 -2.7880492e-03 -5.9115812e-03  3.0903579e-03
  3.3405006e-03  5.4064351e-03 -3.8376451e-04  7.1487790e-03
  2.3417473e-03 -1.5723605e-03  9.0291034e-03 -2.5283932e-03
  4.7247913e-03 -2.0956181e-03 -2.1035851e-03  6.5848287e-03
 -3.4207972e-03 -2.6955931e-03 -5.8342144e-03 -2.8821623e-03
  2.4859002e-03  1.7432841e-03  2.4750191e-04  4.3858867e-03
  2.5924447e-03 -2.6569329e-03  3.8175059e-03  4.4949912e-04
  1.1637248e-03  9.9248718e-05  6.0230037e-03  3.5073154e-03
  7.7288691e-03  2.8792310e-03  2.0119478e-03 -6.1356928e-05
 -2.9714729e-03  6.0893744e-03  5.2074930e-03  2.5921706e-03
  1.3421276e-03  3.4927696e-03  7.9145171e-03 -9.4627554e-04
  3.3960240e-03  4.0204255e-03  5.4780031e-03  1.9068730e-03
  5.0248732e-03 -1.6741371e-03  8.2409019e-03  6.1617484e-03
 -5.4639610e-03 -4.4743447e-03  2.2854949e-03 -2.8570672e-04]",['External']
AKHplAUAAAAJ,Lawrence Hall,"[ 3.1769918e-03 -3.1817709e-03 -8.2804952e-03 -2.0794282e-03
  1.4348711e-03  1.5296808e-03  1.6673100e-03  5.5237592e-04
  4.2202971e-03  3.0833799e-03  2.4414319e-03  4.7008083e-03
 -3.5935680e-03 -9.0127578e-05 -3.9177900e-03  2.3868172e-03
  2.0518559e-03 -1.4284434e-04  2.7311211e-03 -2.9961788e-03
  3.4540426e-05 -4.1962471e-03  5.8925343e-03  7.0222456e-04
  1.7618003e-03 -2.9404499e-03  2.2678392e-03  2.2845007e-03
 -6.0883554e-04  1.2663858e-03  6.4332830e-03 -1.8159925e-03
  5.9470283e-03 -4.9270825e-03  4.0740119e-03 -3.4058352e-03
 -2.7611349e-03 -2.5718105e-03  7.9122570e-04 -1.7975720e-03
 -1.0145083e-04 -1.8343453e-03 -9.8690181e-04 -2.7336052e-03
  4.4471901e-03 -2.8982996e-03 -1.4380000e-03  5.1994703e-04
  9.8240294e-04  4.2810477e-03 -2.3029479e-03  5.7166041e-04
  1.5122697e-03  2.8271480e-03  5.9993757e-04 -1.8819184e-03
 -2.5959715e-04 -5.9489062e-04 -2.0670486e-03  2.8931987e-03
  1.7292679e-03 -3.8832435e-03  1.9693370e-03  2.2604940e-03
 -2.8987443e-03  7.9421920e-04  3.0332291e-04  3.1068185e-03
 -3.4972252e-03  5.0717471e-03 -1.7347491e-03 -2.5073625e-04
  2.5819275e-03  7.8479107e-04  1.9791590e-03 -4.2297714e-03
 -1.7350201e-03  1.7091481e-03 -1.8307781e-03 -4.9593495e-03
 -2.2412958e-03 -2.8970218e-03 -4.7936165e-03  3.9688260e-03
 -2.3672031e-03 -2.7192165e-03  4.1945395e-03 -1.5604906e-03
 -4.7326628e-03 -2.6987118e-03 -3.4043612e-03 -9.1424037e-04
  1.2118823e-04 -2.7071764e-03 -5.0488947e-04 -4.2310129e-03
  1.0694223e-03 -1.3786082e-03  2.8727362e-03 -2.8522639e-04]",['External']
lTc3UwsAAAAJ,Aaron Sloman,"[ 6.6286250e-04 -8.4101019e-04  1.2141473e-03  1.4449960e-03
 -2.5778653e-03  3.6602866e-04  8.8596699e-04 -1.5034582e-04
 -2.8588143e-03 -2.4580273e-03  1.0676198e-03 -8.6375995e-04
  1.0999744e-03 -4.3211179e-04 -2.4004155e-04 -1.3921224e-03
  4.0493617e-03 -5.9036323e-04  3.4871134e-03  3.8248033e-03
 -1.1742495e-03  1.6889392e-03  2.4524378e-04 -2.0462312e-03
  3.1258482e-03  4.0595359e-03 -6.8920762e-03  6.4971449e-04
  1.6547587e-03 -2.4962989e-03 -4.8278662e-04 -4.6668961e-04
  1.2734798e-03 -1.4560507e-03 -1.8453194e-03 -9.7050055e-05
 -2.9569180e-03 -2.7584888e-03 -9.5567398e-04 -5.0093271e-03
 -2.7260606e-03 -1.1230952e-03  1.3888732e-03  2.2355318e-03
 -3.0132997e-04 -2.5652829e-03  3.2037995e-03 -5.6234496e-03
 -6.3692412e-04 -6.7447673e-04 -1.8532159e-03  9.5519979e-05
 -2.7008979e-03  1.8084079e-03 -1.0221094e-03 -2.9967551e-03
 -3.3069761e-03 -2.2864104e-03  4.7215819e-04 -4.4669802e-03
  2.7763811e-03  4.0757852e-03  1.2323635e-03  5.0805784e-03
 -3.7762907e-03  4.1602994e-03 -9.8237419e-04  2.6266768e-03
 -1.4634250e-03  3.2744166e-03  2.5983215e-03  3.0032236e-03
  4.2682393e-03 -5.6543486e-04  4.6876920e-03  1.4143003e-03
 -4.2760097e-03  2.9766767e-03 -3.5655182e-03  6.6073064e-04
 -1.0006807e-03 -3.8995023e-03 -1.6556317e-03  2.9660508e-03
  1.1940240e-03 -5.3739984e-04  2.6355316e-03 -1.0535134e-03
 -4.6350635e-03 -3.4732283e-03  3.0040974e-03 -1.1066406e-03
  7.9876825e-04  1.6409873e-03  2.8850220e-03  1.6210100e-03
 -2.0208322e-03  4.7025490e-03 -4.0742601e-03 -1.1714988e-03]",['External']
iRMZ2hoAAAAJ,Michael Littman,"[-1.5159143e-03  4.5547835e-03 -1.2388896e-03  3.4052178e-03
  1.1823210e-04 -1.7525400e-03 -2.0872129e-03  3.9928588e-03
 -4.4337753e-03  3.9206208e-03 -1.9037090e-03 -6.2667811e-04
 -4.9561728e-03  1.8617585e-03 -1.7876109e-03 -5.0961371e-03
 -4.5324876e-03  1.6928450e-03  1.6339036e-03 -3.6355965e-03
 -2.2947511e-03 -3.6315869e-03  9.9504739e-04 -4.6426026e-04
 -6.2369308e-03 -2.8024239e-03 -2.6935956e-03  6.8787932e-03
 -1.5925859e-03 -2.5395970e-03 -4.8086885e-04 -4.0469249e-03
  1.4506498e-03  1.7908432e-04  9.3112420e-04  9.8249118e-04
  2.1101336e-03 -1.2241779e-03 -5.8766599e-03  1.6316756e-03
  6.2005309e-04 -4.2959419e-03 -4.9173012e-03  8.1090005e-03
  2.6834307e-03 -3.8078739e-04  1.7782059e-03 -3.1078542e-03
  1.3182545e-03 -2.7638543e-03  5.8837963e-04 -1.5344151e-03
  8.7178964e-03  2.8988787e-03 -3.7636270e-03 -5.7519553e-04
 -1.9850086e-04 -1.8664437e-03  2.2655241e-03 -6.9656485e-04
  2.8778261e-03 -3.0528295e-03 -4.5530443e-04 -1.6479440e-03
 -5.0484337e-04  9.5425778e-05  4.9109352e-03  8.8799689e-03
 -3.2411686e-03  5.9474395e-03 -5.7890262e-03  4.9474086e-03
  1.8050279e-03  1.1048267e-03  4.2982381e-03  7.5943084e-03
 -2.8559684e-03  4.8737959e-03  1.4939794e-03 -6.6382661e-03
 -6.1769933e-03  2.3608391e-04 -2.1772643e-03 -1.4515703e-04
 -2.2725556e-03 -9.0992404e-04 -1.5615089e-03 -4.0575746e-03
  2.7135846e-03  3.5392276e-03  1.5040189e-03 -1.4916767e-03
 -3.2638356e-03 -3.0767547e-03  1.4663184e-03 -2.3014918e-03
  1.6227621e-03  3.7530225e-03  9.6969347e-04  2.5046181e-03]",['External']
78sLcSEAAAAJ,Michael T. Cox,"[ 2.4033817e-03  5.0081061e-03 -9.7662094e-04  4.2125760e-03
 -7.1553625e-03 -3.8142363e-04  8.1026070e-03  4.3935124e-03
  3.7821708e-05  1.3519557e-03  5.8838194e-03 -4.8066992e-03
 -7.2455662e-04  2.5585797e-03 -3.5280860e-03  1.7612057e-03
  8.2275626e-04  5.4176799e-03 -4.4889520e-03 -4.6569454e-03
  2.5161856e-03 -1.6871763e-03 -1.5758907e-03  2.8295647e-03
 -1.3659336e-04 -2.1984300e-04  8.9884538e-04 -6.4524054e-04
 -5.3708642e-03 -4.8524374e-03 -8.0020446e-03 -4.5561593e-04
  9.6662818e-03 -7.0390161e-03 -3.3820386e-03  3.2285000e-03
  8.6793685e-03  1.9067628e-03 -4.8956415e-03  8.7592984e-05
 -8.0971848e-03  5.9211459e-03 -1.3253167e-03 -3.8714388e-03
  3.4369933e-03 -4.1146888e-03 -1.5537099e-03  7.0843124e-03
  5.4964582e-03  7.5547379e-03 -5.4071923e-03  4.1364548e-03
 -5.1418846e-03 -2.8076733e-03  5.5944705e-03 -6.9481898e-03
  2.1453130e-03 -2.8389487e-03  2.2344198e-03  1.2345724e-03
 -1.9259389e-03 -1.8706465e-03 -4.6716877e-03 -4.0877378e-03
  1.5437043e-03 -1.1939910e-03 -1.2157912e-03  7.1146358e-03
 -2.0927270e-03 -6.1558897e-04  6.4101187e-03  4.7940286e-03
 -8.7602180e-04  7.6727942e-05  6.3147638e-03  1.9952776e-03
  5.3950883e-03 -1.5253751e-03  2.6731908e-03 -1.8732497e-03
 -3.1806326e-03 -1.6045957e-03  2.3883095e-03 -3.3504423e-04
 -1.1994803e-03 -3.6757025e-03  2.3105014e-03 -7.0664880e-04
 -2.5539543e-05  4.9862149e-03 -3.6473586e-03  1.8404201e-03
  4.4231014e-03  1.8570258e-03  8.7309657e-03  3.3517694e-03
 -1.2833031e-03  8.7585230e-04  5.5558921e-06  2.8350083e-03]",['External']
NDmGsCgAAAAJ,Yolanda Gil,"[ 5.8609835e-04 -2.0351210e-03  1.5358075e-03  2.0365254e-03
  7.9978548e-04 -1.5308156e-03  1.8877715e-03  2.2429442e-03
 -5.4858122e-03 -2.7749543e-03 -3.2093779e-03  1.8703620e-04
  2.8107974e-03  3.7703034e-03  8.2118699e-04  1.2139252e-03
 -8.8606880e-04 -8.7999937e-04 -1.8609928e-03 -4.2741955e-03
  2.9342927e-03  2.0993103e-03 -4.4701640e-03  4.4932188e-03
  5.4870839e-03  1.3336261e-03 -2.1504376e-03  4.9099061e-03
 -1.8439945e-04  2.2398568e-04 -7.8214584e-03  4.4385409e-03
 -4.0518688e-03 -4.7400980e-03  2.8534462e-03  1.5073955e-03
  5.1267114e-03 -2.7461436e-03  3.8435226e-04  3.1324406e-04
 -3.5448887e-03 -1.9435600e-03  3.3266415e-04  1.2701794e-03
  2.5889792e-03  2.1414719e-04 -5.3885528e-03  6.9340519e-03
  4.4181803e-04 -8.8042195e-04  8.7794487e-04  1.6495408e-03
 -2.7657205e-03  3.1113010e-03 -5.3428515e-04 -2.6669863e-03
  3.4753335e-04 -1.7158719e-03 -1.6384784e-03  3.7943865e-03
 -4.0073642e-03 -2.0625477e-03 -1.6673403e-04  1.5091230e-03
  8.1432518e-04  1.4805787e-03  6.6887512e-04  3.9265370e-03
 -4.1028587e-03  3.7037425e-03  1.1569555e-03  7.2363787e-03
 -8.5002650e-04 -3.9664074e-03 -6.9309067e-04  3.5072258e-04
  2.6957429e-04  5.8355008e-04  2.5861072e-03 -2.0304834e-04
 -1.6721671e-03  2.4391073e-03  1.4888886e-03  4.1994322e-04
  5.0632189e-05  1.4157876e-03  4.7011496e-03  3.5863973e-03
  2.7223597e-03  3.3367979e-03  1.6232680e-03  4.3581342e-03
 -3.2614812e-03  3.2435220e-03  1.6010075e-03  1.1272909e-03
 -8.2486775e-04 -4.6096127e-03  1.0104624e-03  5.5751102e-03]",['External']
XZkvOTEAAAAJ,Kevin W. Bowyer,"[-2.1241526e-03  2.1808716e-03  4.3312330e-03 -2.8068686e-03
 -3.9191218e-05 -2.4494404e-04 -1.9658906e-03 -1.3389096e-03
  1.2982727e-03  4.3355920e-03 -5.7029249e-03 -3.8245167e-03
  2.7157161e-03  3.6549927e-03  6.9539249e-04 -5.0251896e-04
  2.6825250e-03 -1.2817031e-03 -1.5351956e-03  4.8795133e-04
  1.5729781e-03 -7.4180169e-04 -1.6137436e-03  2.2972550e-03
  2.7369349e-03 -9.2579221e-04  1.4200313e-03 -1.0015338e-03
 -2.1306546e-03 -1.2024947e-03 -1.0472932e-03  4.8102066e-03
 -2.9881629e-03 -2.7176652e-03  4.6810461e-04 -2.1035206e-03
  1.5650273e-03 -3.0414681e-03  3.3031872e-03  1.1572852e-03
 -4.6785371e-03  2.9323441e-03  9.5763186e-04 -3.7198688e-04
  9.3936396e-04 -1.9968443e-03 -4.7492301e-03  1.4319272e-03
  6.6549296e-04  2.2815368e-03  1.8543904e-03  5.0177448e-04
  1.9255677e-03  3.4316275e-03 -5.3377240e-05  2.1404922e-03
 -2.3103158e-03 -2.8151441e-03  2.6133633e-04  2.4884185e-03
  7.7974983e-06  1.9365514e-03 -1.8912472e-03 -4.4176131e-03
 -4.5686061e-03  1.5495088e-03  1.2166125e-03  1.1054159e-03
  2.5435989e-03  8.3946553e-04  3.5878413e-03 -2.0651304e-04
 -1.7572138e-03 -4.0505929e-03 -3.4044816e-03  2.6413072e-03
 -3.3921876e-03  4.8696110e-03  1.6688913e-03  7.2032656e-04
 -5.4695895e-03 -2.0777946e-03  2.8634984e-03 -4.8507312e-03
  9.5746038e-04  4.7985702e-03  2.0555824e-03  1.2583155e-03
  7.4216975e-03 -2.7257162e-03 -1.3986793e-03  1.9320799e-03
 -3.4792302e-03 -3.1402414e-03 -3.5210294e-03  6.4053922e-04
  3.8475879e-03  4.7244332e-03 -2.0019833e-03  8.5076620e-04]",['External']
TO5o9jYAAAAJ,Jane Arnold,"[-7.7624386e-03 -3.8960255e-03  7.3024668e-03 -1.0206001e-03
  2.3397896e-04 -9.1148810e-03  7.5703589e-03 -3.9635589e-03
 -4.5917910e-03 -8.0418494e-04  1.2175832e-04  2.2623255e-03
  4.1295285e-04 -6.4861174e-03  3.8610704e-03 -2.7538158e-03
  1.1287362e-04 -5.3725741e-03 -7.4318256e-03 -3.8702837e-03
 -4.4741882e-03  1.4298997e-03  4.1855820e-03 -2.4713019e-03
  3.2312619e-03  1.2344852e-03 -6.5768822e-03 -2.0373357e-03
  1.3197267e-03 -3.7697228e-03 -9.2352368e-04  2.3143089e-03
  1.3404888e-04 -5.6385663e-03  7.7429824e-03 -5.4769905e-04
  4.6867053e-03  7.5396337e-03  5.0221295e-03 -9.9759316e-05
  2.6147999e-04 -6.7915041e-03 -9.2258211e-03 -8.2166540e-04
  8.5864216e-04  5.7248934e-03  8.7197991e-03  7.4804742e-03
  1.0937408e-03 -1.1222681e-03 -4.4284472e-03  1.3688505e-03
  1.2075485e-03  7.4566738e-04 -5.6090876e-03  5.3123864e-03
 -2.0154945e-03 -5.0661587e-03  2.7266804e-03  5.1936172e-03
 -1.2784654e-03  5.9597474e-04  1.7057292e-03  7.9003803e-04
 -4.7238276e-04 -1.4840348e-03 -5.7550403e-03  5.4197002e-04
  3.4494549e-03 -4.8653223e-03 -4.7580269e-03  8.0390908e-03
  7.2989339e-04 -7.2905077e-03  4.7738398e-03  4.5281313e-03
  1.0544944e-03  1.3721543e-03 -3.4778647e-03  7.8187501e-03
 -6.9766020e-04  2.5568437e-03 -2.9415558e-03 -1.1472511e-03
  2.6121335e-03 -3.6047914e-03 -6.8230615e-03  2.1747742e-03
 -9.4308634e-04  3.7978636e-05 -4.4331560e-03 -4.6416596e-03
 -2.0887358e-03  2.6311271e-03  1.1695728e-03  3.0772961e-03
  1.1185550e-03  5.5879112e-03 -3.7505908e-03  7.7490518e-03]",['External']
tpoh43QAAAAJ,Sven Koenig,"[-3.2682326e-03  8.5240245e-05  2.6425333e-03 -2.9730373e-03
  8.4175245e-04 -3.0175182e-03  3.9339839e-03  1.4415572e-03
 -3.4132130e-03 -1.5150715e-03  1.0423096e-03  1.3184815e-03
  1.7355073e-03 -7.8178628e-04  1.2190290e-03 -2.3593679e-03
  1.5113482e-03 -8.2422688e-04 -1.1566157e-03 -3.0029882e-03
  2.2521049e-03  2.4159261e-04 -2.4811227e-03  1.5054930e-03
 -2.5122911e-03 -2.7517774e-03  9.1777147e-05  1.3271573e-03
 -1.4888991e-03 -6.6599098e-04  4.2070486e-04 -2.2548346e-03
  2.5205270e-03 -4.3612150e-03 -1.7095238e-03  2.9684759e-03
 -1.8657433e-03  3.2633560e-04 -7.6283969e-04  2.0928816e-03
  6.0825794e-05 -4.6816346e-04 -3.8054481e-03  2.3533423e-04
  1.2263452e-03 -1.1219813e-03 -9.5290289e-04  1.7129704e-03
  2.0721902e-03  2.8726817e-03 -8.9918671e-04 -1.5996424e-04
 -1.5618447e-04  1.2048825e-03  1.4357630e-03 -3.3159226e-03
  1.1557096e-03  2.6304051e-04 -1.0367354e-03  7.5764330e-03
 -1.8354381e-03  1.1963758e-03 -1.0227009e-03 -5.1923329e-04
 -5.6075264e-04  5.9623295e-04  2.9093248e-05  4.9742655e-04
 -3.5408410e-04  2.3593255e-03 -1.3553314e-03 -3.5779700e-03
 -2.4933435e-03 -3.5862313e-03  1.1464478e-03  9.9143444e-04
  4.3333084e-03  4.0799812e-03 -5.0463184e-04  1.0995700e-03
 -3.2216329e-03  5.0505432e-03  3.3308812e-03  4.8604729e-03
 -1.7997212e-04  3.9401213e-03  1.7730132e-03  2.3532622e-03
 -9.5790206e-04  2.4233127e-03  6.0677608e-03 -7.3397864e-04
  2.5691651e-03 -7.8133104e-04  3.6365539e-03  1.6930040e-03
  1.3895087e-03 -4.6645887e-03 -3.5838052e-04  7.3161459e-04]",['External']
v2X9gX8AAAAJ,Donald Perlis,"[-5.7950465e-04  2.1442407e-04  5.1081139e-03  8.9994175e-03
 -9.2392880e-03 -7.1933297e-03  6.5448722e-03  9.1059031e-03
 -5.0627226e-03 -3.8280941e-03  7.3630968e-03 -1.5775511e-03
 -4.5488938e-03  6.6053914e-03 -4.8881397e-03 -1.8752711e-03
  2.9450676e-03  9.1874215e-04 -8.3465297e-03 -9.5782485e-03
  7.3214946e-03  5.1386249e-03  6.6744327e-03  7.1562000e-04
  6.3448921e-03 -3.4096979e-03 -9.5759536e-04  5.7173301e-03
 -7.5941570e-03 -3.9052784e-03 -7.4369311e-03 -9.5249270e-04
  9.5479917e-03 -7.3912134e-03 -2.3912448e-03 -1.8700396e-03
  8.0612199e-03 -5.9879124e-03  9.7209399e-05 -4.8592743e-03
 -9.5521612e-03  4.9696830e-03 -8.7868078e-03 -4.3649063e-03
 -2.2612539e-05 -3.6414113e-04 -7.6653780e-03  9.5911352e-03
  5.0600646e-03  9.2347125e-03 -8.1408098e-03  4.3891757e-03
 -4.1734967e-03  8.4835483e-04  8.4540900e-03 -4.4360338e-03
  4.5849518e-03 -6.7622252e-03 -3.5490806e-03  9.4643040e-03
 -1.5407980e-03  3.5511309e-04 -4.1136728e-03 -7.7040922e-03
 -1.5253720e-03  2.5722978e-03 -7.9009013e-04  5.5704187e-03
 -2.8773495e-03  2.3408106e-03  5.4009762e-03  8.3566839e-03
 -1.4168972e-03 -9.2960568e-03  4.4821692e-03  5.6637439e-04
  7.4442644e-03 -7.7300199e-04 -2.7534845e-03 -8.7969862e-03
 -9.3466829e-04  2.9215082e-03  5.3712139e-03  7.2210161e-03
 -5.7627046e-03  1.8837088e-03  6.1592609e-03 -4.7659804e-03
 -3.0999826e-03  6.8156859e-03  1.7522306e-03  2.4932230e-04
  3.5020902e-03  2.4016932e-04  9.6633248e-03  5.0556432e-03
 -8.8340566e-03 -7.0803449e-03  9.5872843e-04  6.4671151e-03]",['External']
it1vhYAAAAAJ,Michael Arbib,"[ 4.8392992e-03 -2.1473672e-03 -2.0206052e-04  4.1650818e-04
  6.9545978e-03  4.5418874e-03  6.0288399e-04  1.4442335e-03
 -1.0698723e-03  3.1072467e-03 -4.7320207e-03  3.7580843e-03
 -6.4944662e-03  5.5936105e-03  1.3406393e-03  6.1424770e-03
 -3.1922376e-03  1.8963227e-03  2.9226113e-04 -5.0189034e-03
 -4.4905083e-04  3.2545517e-03  1.3343327e-03 -4.3651988e-04
 -1.6081054e-03 -2.8909771e-03  6.0689547e-03 -1.6377013e-03
 -3.1988232e-03  4.3332367e-03 -1.8697238e-03  2.5533014e-03
 -5.3064064e-03  2.6528526e-04 -6.8982766e-04  2.1652195e-03
  1.0100083e-03  6.6306409e-03 -6.2110480e-03 -4.4599365e-04
 -1.2273928e-03  7.7553205e-03  4.0239072e-03  1.7283907e-03
  1.0295565e-03 -2.7718598e-03  5.2789244e-05  5.1856544e-03
  2.4430736e-03  2.9506637e-03 -1.5321114e-03 -2.9081557e-04
 -3.4487853e-03  1.4245380e-03  8.2408154e-04 -2.2089044e-03
  9.2111318e-04  2.9841624e-03  2.5105360e-03  1.0230889e-05
  9.6050306e-04 -4.9295620e-04 -2.7054949e-03 -3.0104481e-03
  8.1196736e-04 -2.8188829e-04  6.2421672e-03  1.4298479e-04
  9.8003040e-04 -4.4587869e-03 -1.9860419e-03  1.7914834e-03
 -1.4267451e-03 -2.2844023e-03 -2.1252835e-03  3.1057696e-03
  3.1125881e-03  5.2197133e-03 -1.5469836e-03 -2.4070651e-03
  2.3527027e-03  7.8665055e-03  8.6642792e-03 -2.7967747e-03
 -2.0748854e-03  1.0561483e-04 -1.0743240e-03  1.5878989e-03
  6.9267745e-03  4.6985098e-03  3.9163814e-03  5.3637936e-03
  4.1803191e-06  8.5882530e-05 -7.9626967e-05 -1.7715510e-03
  3.3885140e-03  3.1615996e-03  3.8826417e-03 -8.0527522e-04]",['External']
QwAxKoEAAAAJ,Michael W Barley,"[-5.7950465e-04  2.1442407e-04  5.1081139e-03  8.9994175e-03
 -9.2392880e-03 -7.1933297e-03  6.5448722e-03  9.1059031e-03
 -5.0627226e-03 -3.8280941e-03  7.3630968e-03 -1.5775511e-03
 -4.5488938e-03  6.6053914e-03 -4.8881397e-03 -1.8752711e-03
  2.9450676e-03  9.1874215e-04 -8.3465297e-03 -9.5782485e-03
  7.3214946e-03  5.1386249e-03  6.6744327e-03  7.1562000e-04
  6.3448921e-03 -3.4096979e-03 -9.5759536e-04  5.7173301e-03
 -7.5941570e-03 -3.9052784e-03 -7.4369311e-03 -9.5249270e-04
  9.5479917e-03 -7.3912134e-03 -2.3912448e-03 -1.8700396e-03
  8.0612199e-03 -5.9879124e-03  9.7209399e-05 -4.8592743e-03
 -9.5521612e-03  4.9696830e-03 -8.7868078e-03 -4.3649063e-03
 -2.2612539e-05 -3.6414113e-04 -7.6653780e-03  9.5911352e-03
  5.0600646e-03  9.2347125e-03 -8.1408098e-03  4.3891757e-03
 -4.1734967e-03  8.4835483e-04  8.4540900e-03 -4.4360338e-03
  4.5849518e-03 -6.7622252e-03 -3.5490806e-03  9.4643040e-03
 -1.5407980e-03  3.5511309e-04 -4.1136728e-03 -7.7040922e-03
 -1.5253720e-03  2.5722978e-03 -7.9009013e-04  5.5704187e-03
 -2.8773495e-03  2.3408106e-03  5.4009762e-03  8.3566839e-03
 -1.4168972e-03 -9.2960568e-03  4.4821692e-03  5.6637439e-04
  7.4442644e-03 -7.7300199e-04 -2.7534845e-03 -8.7969862e-03
 -9.3466829e-04  2.9215082e-03  5.3712139e-03  7.2210161e-03
 -5.7627046e-03  1.8837088e-03  6.1592609e-03 -4.7659804e-03
 -3.0999826e-03  6.8156859e-03  1.7522306e-03  2.4932230e-04
  3.5020902e-03  2.4016932e-04  9.6633248e-03  5.0556432e-03
 -8.8340566e-03 -7.0803449e-03  9.5872843e-04  6.4671151e-03]",['External']
WxQyOYQAAAAJ,Henry Kautz,"[-0.00711558  0.00124482 -0.00716013 -0.00227572  0.00376145  0.0057943
  0.0012114   0.00216    -0.00412667  0.00724479 -0.00631518  0.00460657
 -0.00821937  0.00204936 -0.00499876 -0.00426268 -0.00308245  0.0056064
  0.00579902 -0.00505787  0.00073959 -0.00846413  0.00777839  0.00923153
 -0.0027693   0.00081485  0.00072671  0.00548063 -0.00860971  0.00060333
  0.00690944  0.00219078  0.00112231 -0.00935069  0.0084584  -0.00622727
 -0.00298198  0.00346643 -0.00075867  0.00136302  0.00180054 -0.00686818
 -0.00975982  0.00904153  0.00622115 -0.00692041  0.00339989  0.00017161
  0.00477162 -0.00712217  0.00398472  0.00430592  0.009942   -0.00443418
 -0.00140704 -0.00728122 -0.00967927 -0.00908674 -0.00101467 -0.00648157
  0.00484761 -0.00617477  0.00251887  0.00076405 -0.003399   -0.00092315
  0.01001552  0.00913834 -0.00451178  0.00909186 -0.00569536  0.00596103
 -0.00308523  0.003405    0.00303225  0.00687849 -0.00241254  0.00879809
  0.00754769 -0.00954068 -0.00801651 -0.00759946  0.00293006 -0.00271461
 -0.00693269 -0.00810088  0.00833036  0.00202663 -0.00931469 -0.00475621
  0.00315527 -0.00470884  0.00528059 -0.00425936  0.00267453 -0.00803611
  0.00625005  0.00483264  0.00078016  0.00305776]",['External']
HRSDO6IAAAAJ,Sanmay Das,"[-3.4296303e-03 -3.1780419e-03  4.3781027e-03  1.2472256e-03
  1.7415825e-05 -4.5620711e-03 -1.6040542e-05  4.9046860e-03
  9.5111999e-04 -3.0208691e-03  2.5668400e-03 -1.7875828e-03
 -5.6991722e-03  4.1069915e-03 -2.3051500e-03  6.1186724e-03
 -1.2316237e-03  2.1661234e-03 -1.6939979e-03 -2.8086035e-03
  4.9924324e-03  2.0209083e-03  1.1208579e-03 -6.2565849e-04
  4.0964037e-03 -3.0386000e-04  1.9388550e-03 -7.7560154e-04
 -4.0824432e-03  5.9329101e-04  2.2228076e-03 -3.6696256e-03
  2.1541608e-03 -4.2895316e-03 -2.0871512e-03  2.5418826e-04
  4.4563273e-03 -3.8418099e-03 -8.3501080e-05 -1.4742594e-03
 -2.3655673e-03 -2.3231411e-03 -3.3914254e-03  8.7012316e-04
  2.0819642e-03 -1.0675644e-03 -1.6240962e-03  2.2767589e-03
  5.0766708e-04  2.9668561e-03 -2.6865643e-03 -1.0755927e-03
  2.1520560e-03  9.2564541e-04  1.4285896e-03  1.8609378e-03
  4.1511952e-04 -5.6601595e-05 -1.5139447e-03  2.1780536e-03
  3.8576787e-04  2.7672872e-03  3.6668874e-04  8.0892612e-04
 -2.2533876e-04  4.6737478e-03  1.5442921e-03  4.0411293e-03
  4.1309092e-03  4.3273410e-03  1.6529303e-03  1.5151950e-03
  3.4732546e-03  3.9750460e-04 -5.3906272e-04 -2.6206498e-03
  4.7657904e-03 -4.8440127e-03  1.4860501e-03 -6.2825633e-03
 -1.3424736e-03  2.7127535e-04 -1.4673182e-03 -1.0548600e-03
 -4.6399948e-03 -7.4266951e-04 -4.8892328e-04 -6.5224282e-03
 -3.7794902e-03 -7.6237042e-04  1.9651104e-03  1.2620853e-03
  3.4312606e-03  2.1478460e-04  8.5343263e-04  3.4606166e-03
 -8.1934658e-04 -3.4668993e-03 -2.7508561e-03  2.4364116e-03]",['External']
I5KtDvMAAAAJ,Juan RamÃ³n GonzÃ¡lez GonzÃ¡lez,"[-7.8547728e-04 -2.5235096e-03 -5.9452310e-04  1.6221614e-03
 -3.7336508e-03  2.2522418e-03  1.7172861e-03  4.7032335e-03
  1.0651075e-03 -2.8394342e-03  4.3718275e-03 -3.0613432e-03
 -3.5097590e-04  2.6691090e-03 -2.3243341e-03  8.4525812e-04
 -7.0270774e-04 -2.4213386e-03 -5.0069406e-03 -2.7951908e-03
 -2.7841202e-03  4.9699745e-03  4.8849620e-03  3.9609405e-03
  2.3727219e-03 -1.8412684e-03 -1.9111187e-03  3.5543398e-03
  2.6564875e-03 -2.0145755e-03  3.0773599e-04 -1.0885665e-03
  6.4482843e-03  2.7045831e-03 -3.3975712e-03  3.4016019e-03
  7.2850697e-03 -1.2535256e-03 -3.2759467e-03 -1.6754535e-03
 -3.6612649e-03 -9.3295093e-04 -1.7318291e-03 -7.1303262e-03
 -2.0688288e-03 -2.1608018e-03 -4.0658838e-03  1.2748942e-03
  2.2900208e-04 -1.6238600e-03 -1.4874638e-03  2.1360249e-03
 -1.3343937e-03 -1.8796007e-03 -4.9771945e-04 -3.4190223e-03
  5.5277598e-04 -5.7753338e-03 -2.8010753e-03  6.0970341e-03
  4.4913730e-04  2.5081061e-04 -3.9000422e-04 -6.3937749e-03
  4.4412725e-04  3.5500706e-03  2.8981192e-03 -2.7860713e-03
 -2.4025945e-03  3.0641607e-04  7.2878227e-03  1.4089098e-03
 -1.3505776e-03 -2.0216156e-03  4.1577997e-04 -1.7186074e-03
  9.5393356e-05 -1.5379339e-03 -4.3648817e-03 -4.2458046e-03
 -3.7852165e-03  2.6736604e-03  1.8930872e-03  1.9383880e-04
 -3.7622603e-03  4.3791854e-03 -8.3542551e-04 -5.6910496e-03
 -4.0955921e-03 -2.7138789e-03  2.2933700e-03 -1.9206296e-03
  3.0793862e-03 -3.8908601e-03 -1.2257728e-03 -2.2250831e-03
 -6.0537313e-03  5.3141708e-04  2.9448404e-03  2.1324474e-03]",['External']
pPB_WK0AAAAJ,Tandy Warnow,"[ 3.3103407e-03  4.3221912e-03 -3.6504702e-03  7.3739700e-04
  1.1070185e-04 -1.0711525e-03  5.5779272e-04  5.4077581e-03
 -2.9193233e-03  1.5241904e-03  2.4714731e-03 -6.5984265e-03
  1.2918318e-03 -3.2741656e-03 -5.0333946e-04 -5.5854721e-04
  5.2715614e-03  1.0181118e-03  3.2953091e-03 -4.4212961e-03
  1.2967443e-03 -3.1147513e-03 -2.0107091e-03 -2.5295017e-03
 -1.2451119e-03  3.8662266e-03  2.6623139e-03  4.5180740e-04
  2.0827434e-03 -2.1300935e-03  2.0604345e-03 -2.8732326e-04
 -2.2629690e-03 -1.5382683e-03 -3.1208857e-03 -1.1442626e-03
  2.5360701e-03  5.4462957e-03  1.3351176e-03 -1.5559649e-03
 -1.2602075e-04  1.4414729e-03  7.3732267e-04  3.1194519e-03
  4.4713542e-03  2.9473887e-03 -5.4530747e-04  5.8716477e-04
 -3.2501859e-03 -5.7954167e-04 -3.6096451e-04  2.9249675e-05
 -1.4672065e-03  5.6106882e-04 -2.3466661e-03  4.0542520e-05
  1.6793341e-03  5.5585511e-04 -6.3673442e-04  2.4376314e-03
 -1.7138368e-03 -1.6171106e-03  1.8088969e-03  7.6082832e-04
 -3.0484798e-03  2.9767714e-03 -2.1160622e-03  4.2690965e-04
  9.1005786e-04  1.4959646e-03 -5.1837975e-05  9.8689736e-05
  6.0802572e-03 -2.9405550e-04 -1.9802111e-03  3.0683764e-04
  5.1998617e-03  2.7425648e-04  6.4900686e-04  1.3398400e-03
  8.4187870e-04 -9.6580741e-04 -3.6511451e-03 -3.9041291e-03
  1.5009760e-03  2.2221161e-03  2.2930485e-04  2.9972501e-04
  2.3378052e-03 -1.4776348e-03 -6.3442544e-04  9.5439254e-04
  3.9894446e-03 -1.1898471e-03  3.9807106e-03 -3.9553409e-04
  4.9043112e-03  3.2187179e-03 -1.2337952e-03 -1.1413146e-03]",['External']
ZzNrbIUAAAAJ,Nina Amenta,"[-2.6354166e-03  3.8795793e-04  1.6064817e-03  2.3260412e-03
 -2.8874134e-04 -5.2892747e-03 -2.7108921e-03 -5.8698417e-03
 -4.6506724e-03 -2.1961038e-03 -3.4141790e-03  2.2842176e-04
 -4.9130917e-03 -3.8582811e-03 -2.2552435e-03  7.6088775e-04
  4.3555475e-03  7.5399876e-06 -7.1808678e-04 -1.3553491e-03
  5.6838151e-05 -4.7298255e-03  1.4783596e-03  6.1606755e-04
 -3.3036629e-03 -4.7582824e-05 -3.0657134e-03 -1.6497859e-03
  1.0460899e-03  1.5729526e-04  3.3558225e-03 -2.2757584e-03
  4.4581746e-03 -4.1542477e-03  1.4100559e-03 -2.2958312e-03
 -2.1628507e-03 -1.1965083e-03 -5.8556307e-04 -9.7518385e-04
 -4.1798130e-04 -3.8138404e-03  1.2769984e-03  4.9602012e-03
  1.2587135e-03 -1.1051917e-03 -4.2403475e-03  8.0538186e-05
  6.1015636e-03 -6.2895782e-04 -2.2912871e-03  1.4350129e-03
 -6.6245190e-04 -2.0534236e-03  3.0171704e-03  7.3108700e-04
  1.4027428e-03 -4.3157642e-03 -3.0607879e-03  5.6975354e-03
 -2.2296617e-03  1.9252750e-04  1.8950439e-03  1.1853715e-03
 -9.3191629e-04 -2.7510293e-03  3.6242821e-03  3.0934531e-03
  1.4090574e-03 -3.9299917e-03  1.0916815e-03  2.9837254e-03
 -1.6214205e-03  2.8642917e-03  2.2103325e-03  3.4244370e-03
 -2.9087551e-03  2.0991566e-03 -3.8759392e-03 -3.1551353e-03
  9.2003657e-04  2.4958660e-03  5.8848239e-03  2.2525773e-03
  1.3858074e-03  4.9532098e-03  3.1886187e-03  2.5141402e-03
 -4.9646455e-03 -3.0533921e-03 -2.2871916e-04  1.0885904e-03
  3.2220359e-03 -1.1512960e-03  1.5911733e-03  3.9979193e-05
 -9.0729474e-04  1.1410859e-04 -5.2174227e-04  8.1725055e-03]",['External']
7dqyLSgAAAAJ,F. James Rohlf,"[ 5.1052845e-04  8.9087727e-04 -2.3578331e-03 -4.4910194e-04
 -5.0580688e-03 -1.1976295e-03  5.2856123e-03 -1.4601246e-03
  1.3827675e-03  2.5492383e-03  7.1737316e-04  1.0084892e-03
 -1.9890973e-03  1.9193927e-03 -4.5327484e-03 -2.9759770e-03
  3.1387638e-03  1.9106446e-03 -1.6921401e-03  4.0518255e-03
  2.4955405e-03 -5.9838491e-03 -2.0693052e-03 -1.3222097e-03
  1.3575469e-03 -7.3413562e-04  5.6587746e-03  6.4003770e-04
 -5.2047864e-04  2.1869561e-03  9.3142712e-04 -1.8243474e-03
 -4.8572174e-04  4.3853354e-03 -4.0000852e-04  2.4580795e-03
  1.1362289e-03 -3.7793475e-03 -3.8131457e-03  5.8048230e-05
 -4.4564609e-03 -3.2133730e-03 -4.3781367e-03  2.6706515e-03
  7.8758880e-05  3.8739729e-03  1.1143466e-03 -5.4224860e-03
 -1.5901140e-03 -4.6811551e-03  6.5219607e-03 -1.9534251e-03
  2.5024023e-03  2.5518243e-03  2.7763576e-03 -1.1526444e-04
 -3.2113576e-03  1.9138110e-03 -4.0713898e-03  1.1941998e-03
  5.5188206e-03 -3.7785008e-04  1.2751773e-04 -5.8854267e-04
 -3.3567224e-03  1.1009015e-03 -3.7018729e-03 -9.4206131e-04
  1.2003282e-03 -2.7272969e-03  1.2946711e-04 -3.5342220e-03
 -2.3277965e-03 -1.3935523e-03  5.4773159e-04  3.9685625e-03
 -8.7507367e-03 -2.4533761e-04 -3.3535785e-03  2.4662953e-04
 -2.1233435e-03  5.5798800e-03 -3.7348329e-04  2.1454436e-03
  2.2948936e-03  2.4867083e-03  6.0736795e-04 -6.8713119e-04
  3.6428222e-03 -2.3065270e-03 -3.2229943e-04 -1.3782056e-03
  4.5234920e-04  1.9053007e-03 -1.7496314e-03 -1.8744846e-03
  3.7474656e-03 -2.0585118e-03  4.2490494e-03 -4.0749656e-03]",['External']
46HLWf8AAAAJ,Luay Nakhleh,"[-2.9736534e-03  3.1264611e-03  2.4933717e-04  6.6931159e-03
  2.0156188e-03 -3.1354341e-03  6.4158626e-03 -3.2586611e-03
 -2.3105666e-03  9.8838320e-04  4.8372467e-04 -2.5676547e-03
 -1.8374213e-03  1.2817390e-03  2.4987061e-03  7.4511301e-04
 -3.4333083e-03  9.4305188e-04 -1.2081721e-03 -5.8796182e-03
  4.4393298e-04  6.8061077e-03  2.9916801e-03 -3.7119016e-03
 -1.3704939e-03 -2.2152674e-03 -1.8869960e-03 -7.8944564e-03
 -3.5560161e-03 -3.0545922e-04  5.9457510e-03 -6.4761988e-03
 -7.8499777e-04  6.6175112e-03 -5.3690001e-04  7.0460454e-05
 -7.0258360e-03  8.9868018e-04  4.5580403e-03 -2.1865314e-03
 -1.3179365e-03  3.2596265e-03  4.0077693e-03  3.6811077e-03
 -1.4639390e-03  1.6807951e-04  1.5191584e-03 -2.0661871e-03
  5.2101567e-04 -1.2050847e-03  1.5041231e-03 -5.7451410e-04
  5.4812222e-04 -1.7739087e-04 -4.4377256e-04 -2.6965998e-03
  6.9436268e-04 -5.4202927e-04  3.8358914e-03 -4.3499735e-03
 -5.7781846e-03  4.5639346e-03  1.7177440e-03 -3.5318974e-03
  5.2887358e-04 -6.5033621e-04 -1.3684286e-03  4.9248491e-03
 -2.9782655e-03  3.2863982e-03 -3.9746077e-03 -3.7744802e-03
  1.8828145e-03  7.7250414e-05 -4.0520220e-03  8.1298751e-04
 -4.5219329e-03 -2.5869573e-03 -6.7382329e-03 -2.8417849e-03
 -8.2595675e-04 -3.6372587e-03  7.8332453e-04  1.6569461e-03
  7.5037801e-03 -3.3309560e-03 -1.5847363e-03 -2.5589815e-03
 -2.1865552e-03  4.4016913e-03 -2.3649796e-03  1.7552417e-03
 -4.4749039e-03  4.2041577e-03  1.8885055e-03 -8.3684898e-04
 -2.9954905e-04  3.1893622e-04  2.2612130e-03 -5.2688033e-03]",['External']
Gk9u5lUAAAAJ,Bernard M.E. Moret,"[ 6.7382446e-04  5.1165163e-03  2.6780492e-04  4.4093453e-03
  4.9028876e-03  2.9779261e-04  8.6479698e-04  2.6830863e-03
 -8.1782453e-03  3.5453106e-03 -2.4895708e-03  1.2924274e-03
  1.8275157e-03  4.1685370e-03  1.5665051e-03  1.3558142e-03
  6.1384379e-03  3.2256674e-03 -3.2851601e-03 -1.1175027e-03
 -1.0634115e-03 -2.7980758e-03 -5.0605410e-03 -2.1520082e-03
 -2.2350578e-04 -1.0952312e-03  3.4474684e-03  1.9866792e-03
 -5.3393673e-03  2.0963142e-03  4.2295498e-03 -8.5340822e-03
  4.0378154e-04  1.8322550e-03  1.4481624e-03  2.2484458e-03
  5.3383334e-04  3.3167934e-03 -1.0858505e-03 -1.2173360e-03
 -1.8502240e-03 -1.8145913e-03  8.1803574e-04  3.9742067e-03
  3.1323119e-03  5.4392248e-04 -2.2688543e-03 -3.9421925e-03
 -2.6917055e-03  4.0221373e-03 -3.1427422e-03 -4.1175405e-03
 -1.5700818e-03 -1.1198811e-03 -5.2464255e-03 -4.1096942e-03
 -2.9247294e-03 -5.7059024e-03 -1.0637637e-03  3.2830434e-03
  5.6909630e-07 -1.4902982e-03  7.1669966e-03 -4.5518223e-03
 -2.5433607e-03  3.1863067e-03  7.2275442e-03  6.1425939e-03
 -2.0983571e-03  1.2976881e-03 -2.4510578e-03  1.1760992e-03
  3.0405065e-03  1.4841371e-03 -3.1478417e-03  3.0187666e-03
 -1.4640335e-03 -2.2527545e-03  2.6165564e-03  4.9617453e-03
  1.3520475e-04 -1.6301743e-03 -5.4021613e-03  1.7315716e-03
  4.8531597e-03 -2.1799493e-03 -3.3297923e-03  2.0350772e-03
  5.1176711e-03 -2.1096573e-03 -2.2576135e-03  3.5189830e-03
  4.7488958e-03  2.3947468e-03  8.8029588e-03  1.4384190e-03
  5.4202038e-03 -3.8012397e-03  6.1354614e-03  1.4486561e-04]",['External']
9lCabZsAAAAJ,Simone Linz,"[-2.3904869e-03  1.1472105e-03 -3.2747269e-03 -5.7198951e-04
  6.8835384e-04 -4.2333934e-03  3.3876796e-03  2.6465859e-04
 -1.0549451e-03  1.8891397e-04  5.2845976e-03  8.7414432e-04
  1.4956151e-03 -7.6295501e-06  2.6879210e-03 -9.2761870e-04
  5.3897849e-03  1.8191170e-03 -5.3345324e-03  2.2621728e-03
  1.0914068e-03 -3.9595840e-03  3.1259710e-03  4.1334559e-03
 -5.8740936e-03  5.6966301e-04  1.9084634e-03 -3.1140668e-03
 -1.8574648e-03 -1.5241280e-03  3.8492182e-04  2.7204547e-03
 -4.3195509e-03 -1.8162675e-03  1.8345177e-03  4.1383076e-03
 -5.2267808e-04 -2.1409974e-03 -4.0362384e-03 -6.4819743e-04
  5.6607462e-03  1.1227046e-03  7.8133121e-03 -1.5015722e-03
  6.1483956e-03  4.1084415e-03 -2.0681417e-03 -1.0595034e-03
 -2.9423318e-03 -3.5000236e-03  2.4030830e-03 -1.1487539e-03
 -4.2268476e-03  1.0134885e-03 -1.9897684e-03 -4.8114625e-03
 -2.4609312e-03  1.2101578e-03 -3.0702285e-03 -4.1095181e-03
  2.8911119e-03 -6.4564636e-04  7.8675849e-03  1.8509100e-04
 -1.7205336e-03 -2.3595849e-04 -3.3822779e-03  2.3440809e-03
 -6.7018019e-04 -1.6889110e-03  1.7043608e-03  1.1078144e-04
 -1.9269427e-03  1.6377646e-03  4.7245678e-03 -1.8088786e-03
  1.5100697e-03  5.5968836e-03 -4.5624338e-03  2.2868139e-03
  2.5869368e-03 -3.1663000e-03 -3.8187772e-03  4.6020541e-03
 -1.7743749e-03 -2.1819505e-03  7.2425567e-03  2.5435365e-04
 -5.4883882e-03 -1.5680232e-03 -3.1100644e-03  2.1002856e-04
 -4.3966989e-03  1.9079713e-03  4.8869620e-03  2.3044192e-03
  6.2290677e-03 -6.5039904e-03 -2.4248986e-03 -2.5833147e-03]",['External']
1DiCu18AAAAJ,Charles Semple,"[-2.2831073e-03  2.3418728e-03 -5.6499144e-04  3.7519677e-04
 -5.5667682e-04 -3.1909216e-03  8.1695803e-04  2.6207808e-03
  3.1299666e-03 -1.4639689e-03  3.5577507e-03  5.2639837e-03
  1.6463069e-03  3.5131474e-03  3.3484672e-03 -3.6474962e-03
  5.9457929e-03 -2.4491437e-03 -4.1700471e-03 -2.1214972e-03
  2.6317080e-04  6.0071424e-04  5.6195366e-03  6.2823929e-03
 -1.0089161e-03  4.6980032e-03  1.9113299e-03 -2.3080765e-03
  4.0412997e-03 -3.1287127e-04 -4.7027148e-04 -2.6006126e-04
 -2.1738515e-03 -7.2859577e-05 -2.4843507e-04  5.2530873e-03
  5.2969670e-05 -2.5642477e-03 -8.4223896e-03 -1.2732630e-04
  6.7535215e-03  2.8432763e-04  5.1274151e-03 -2.7000392e-03
  1.8089042e-03  7.1502575e-03 -3.7792674e-04 -5.5320393e-03
 -4.0374169e-04 -7.3817246e-05  4.1883290e-03 -1.5712081e-03
 -7.7616326e-03 -2.3892273e-03 -6.9610104e-03 -5.6309984e-03
  1.1728136e-04  1.8876368e-03 -3.1398963e-03 -1.6297279e-03
  1.0068576e-03  8.2228490e-04  3.3196632e-03 -5.6906597e-04
  4.3990472e-04  2.9080559e-03 -1.8359799e-03 -1.4634065e-04
 -6.2021404e-03 -1.3821687e-03  2.8043948e-03  3.4840703e-03
  1.2998000e-03  4.3846616e-03  3.3276826e-03 -7.3678051e-03
 -3.5353042e-03  4.5870519e-03 -1.0044434e-03 -3.2006856e-04
  1.6170988e-03 -1.2322325e-04  2.8968245e-05  2.7218733e-03
 -2.0468703e-03 -5.7256845e-04  4.1091633e-03 -3.2457181e-03
 -3.7505839e-03 -4.1848761e-03 -6.6707805e-03 -1.0369782e-03
 -5.1695417e-04 -3.9001927e-04  5.8139674e-03 -1.3194564e-03
  1.7943252e-03 -2.9650300e-03 -4.0077255e-03  7.6757645e-04]",['External']
dt6zl6sAAAAJ,Eric Delson,"[-5.9041977e-03  2.8940625e-03 -3.6468308e-03  7.7427793e-03
 -5.8867186e-03  5.5666515e-03 -1.9096019e-03  3.0789080e-03
 -8.0154091e-03  6.4266534e-03  1.6743165e-03  3.8826484e-03
 -7.8025617e-04  1.3359525e-03 -2.0299167e-03  4.5130923e-03
 -6.2963663e-04 -5.1948959e-03  1.2910255e-03  2.7487678e-03
 -5.6404904e-03  2.7849397e-03  5.2067610e-03 -7.5105927e-03
  4.6335128e-03  6.6828094e-03 -8.6254422e-03 -2.3159580e-03
 -1.3594556e-03  2.5287510e-03 -4.2040538e-04  1.1562615e-03
 -2.4804692e-03 -6.0584298e-03  1.2528925e-03 -4.2671687e-03
 -6.2182308e-03 -3.6319220e-04 -2.6121581e-04 -6.1969217e-03
  8.2595786e-04 -8.0909468e-03 -7.8976806e-04  7.5877327e-03
 -3.6355772e-03 -1.3297132e-03 -5.3744484e-03 -2.8791916e-04
  1.0402797e-03 -1.2141516e-03  2.7020893e-03  3.8463946e-03
  2.6656997e-03 -1.8144990e-03  5.3997099e-04 -1.8112654e-03
  2.1315552e-03  2.2564163e-03  4.6807466e-04 -8.1531331e-04
  2.7290890e-03  1.7413746e-04 -2.5600337e-03 -2.9947993e-03
 -1.4530930e-04 -8.5857807e-04 -5.0552189e-06  5.6820698e-03
 -3.1930034e-03 -7.2526693e-04 -7.8766840e-04 -3.2402680e-03
  3.8310047e-04  5.0489400e-03  2.4655045e-03  6.0692704e-03
 -1.0679209e-03 -1.3048183e-03 -3.8867071e-04  3.3012468e-03
  3.4160572e-04 -1.7403842e-04  6.7623332e-03  3.8146556e-03
 -5.9783628e-04  3.9143525e-03  6.7727291e-04 -6.4086984e-05
 -6.1333594e-03 -1.0478524e-03  5.5373139e-03  1.7992643e-03
 -3.5273302e-03  3.9517032e-03  1.4576701e-03  7.6694280e-04
 -2.0268413e-03 -7.0613693e-03 -2.4621110e-04 -8.5820919e-03]",['Lehman College']
8GkpkAIAAAAJ,Usman Roshan,"[-2.34211166e-03 -1.38317887e-03  2.08548037e-04  5.64199919e-03
 -1.30646175e-03  6.41823339e-04  2.77421833e-03 -5.32977632e-04
 -3.87570495e-03  4.10241308e-03  5.68626856e-04 -3.36207729e-03
  2.90408917e-03  1.12024078e-04  1.03818020e-03 -7.17662508e-04
  1.61262217e-03 -2.27338239e-03  4.02916572e-04 -3.50501784e-03
  5.77278575e-03  6.48040930e-03  2.92131212e-03 -1.66339159e-03
  3.26380460e-03 -3.03758541e-03  8.00331414e-04  3.48187401e-03
  4.19908902e-03 -2.35875440e-03  2.77623814e-03 -1.68344018e-03
 -2.91814515e-03  5.37884235e-03  1.76130037e-03 -7.40213669e-04
  3.33860982e-03  1.83519418e-03  2.97836331e-03 -2.55971355e-03
 -1.78720756e-03 -4.66193946e-04  3.11297341e-03  8.26528063e-04
  2.43208488e-03 -1.81520148e-03  2.81718955e-03  4.33127210e-03
  1.08809257e-03 -1.83583051e-03 -1.62661439e-04  2.38947920e-03
  4.50368214e-04 -1.38353743e-03 -5.50980098e-04  6.25518209e-04
  3.62037704e-03  5.36196120e-03  2.71048956e-03 -2.19019875e-03
 -6.59564044e-04 -7.21847638e-04  4.56453720e-03 -3.41824780e-05
 -6.04963861e-04 -5.22735645e-04 -3.44005763e-03  2.81463400e-03
 -3.36780376e-03 -1.58604258e-03 -2.91025848e-03 -4.22409223e-03
 -1.88429118e-03 -4.15603514e-04 -2.59922212e-03 -4.41466132e-03
  1.14052906e-04 -1.33855129e-03 -6.08005561e-03  9.90933739e-04
 -1.51927432e-03  7.43990066e-04 -3.57373431e-03  4.41769790e-03
  3.95268854e-03 -3.04342317e-03  1.55189235e-04 -5.10299718e-03
  2.32102675e-03 -1.46294956e-03 -4.50751511e-03  1.44562917e-03
  9.94411530e-04  6.22976804e-05  5.73431794e-03  4.37608967e-03
  4.15604701e-03 -3.56329419e-03  4.04269854e-03  5.92393451e-04]",['New York City College of Technology']
2InmZX4AAAAJ,Maria Luisa Bonet,"[ 1.8118090e-03  5.0079101e-03  4.6362542e-03 -1.8312657e-03
  3.4265362e-03 -2.0924706e-03  6.5770461e-03 -1.4732914e-03
  7.3223625e-04 -7.4887411e-03  1.6350331e-03 -8.6832298e-03
 -3.1284351e-04 -5.8754656e-04 -4.3772021e-03  6.7774061e-04
  7.4639666e-04 -3.0259416e-03 -8.3957036e-04 -2.0984209e-03
  3.0748134e-03  4.4397120e-03  5.8786821e-04 -1.4691968e-03
 -4.8039411e-03  3.7030813e-03  2.7262159e-03 -2.3858089e-03
  1.9913188e-03 -3.4686327e-03  1.0650413e-03 -1.8234387e-03
 -6.4756267e-04 -2.4343687e-03  1.3069889e-03 -4.9801976e-03
  6.5459930e-03  3.0188586e-03 -2.7981622e-03 -9.1502070e-04
 -1.2835851e-03 -1.8454014e-03  3.8259404e-03 -3.5487630e-03
 -1.8659300e-03  3.7632280e-03 -1.8622106e-03 -1.9512301e-03
 -2.0749730e-03  3.1491576e-03  3.5666358e-03 -1.1262996e-04
 -1.6119969e-03 -1.0546455e-03 -3.2630234e-03  2.5720058e-03
  1.7952649e-03  1.3750185e-03  3.2110387e-04  3.7900032e-03
 -8.7487688e-03 -5.5290107e-03  1.5760763e-03 -5.7767884e-05
  1.0568477e-03  9.9737197e-05  1.7046960e-03 -1.3523856e-03
  3.8476747e-03  4.6855421e-04 -2.5950677e-03 -1.3461807e-03
  2.6741384e-03 -1.0545425e-03  3.3310940e-04 -1.4424097e-03
  2.2208579e-03 -1.3794746e-03  2.8364423e-03  1.8509566e-03
 -1.6501545e-03  2.7204270e-03  6.1864877e-04 -6.5893144e-03
 -1.0995383e-03  2.0590448e-03  8.6960365e-04  2.4780903e-03
  6.7354180e-04 -7.8559695e-03 -3.8342054e-03  1.1103103e-04
 -4.1869818e-03 -3.0677014e-03  1.9096703e-03 -7.5518624e-03
 -2.9747554e-03 -1.5914538e-04  3.5462466e-03  6.2657963e-03]",['External']
rHYx-PMAAAAJ,Magnus Bordewich,"[ 0.00293272  0.00014984 -0.00021578  0.00214832 -0.00119155  0.0016271
 -0.00411337 -0.00134635  0.00070826  0.00105061 -0.00071536  0.00230684
  0.00277828  0.00119923  0.00083031 -0.00118452  0.00150026 -0.0009321
  0.00108772 -0.00190324 -0.00432953 -0.00199845 -0.00477246 -0.00124335
  0.00044114  0.00041702  0.00066275 -0.00144253 -0.00272098  0.00321933
 -0.00013421  0.00117155 -0.00168287 -0.001124   -0.00190845  0.00351781
 -0.00127611  0.00198108  0.00291731 -0.00400485 -0.00076339  0.00019314
 -0.00569192  0.00261701 -0.00232512  0.0060076   0.00114609 -0.00225788
 -0.00165145 -0.0007324   0.00262858  0.00183433 -0.00059189 -0.00428348
  0.00026156 -0.00208949 -0.00087654 -0.00079556 -0.00698206 -0.00195486
 -0.00093756 -0.00198772  0.00141463  0.00113788 -0.00372992  0.00072075
  0.00284925 -0.00139634 -0.0042093   0.00389225  0.00564672  0.00132755
 -0.00365238  0.00169313  0.00471405 -0.00186268  0.00247561  0.001809
 -0.00077154  0.00104785  0.00143814 -0.00313576 -0.00165295  0.00265469
 -0.00289581 -0.00164223 -0.00034842  0.00021547  0.00363873  0.00305758
  0.00225088 -0.00159382  0.00436873 -0.00118336 -0.0021213  -0.00076214
 -0.00022351  0.00377504  0.00086647  0.00200009]",['External']
aNRlTa8AAAAJ,Bernd Hamann,"[-2.3624923e-03 -1.0025568e-03 -2.9078375e-03 -2.1173155e-03
  3.4069153e-03 -9.6899828e-05  9.4407209e-04  3.5852697e-03
 -5.3318049e-04  5.1719891e-03 -2.5211484e-03  2.4519570e-04
  2.1651564e-03  3.2741423e-03  1.2781852e-04 -3.0860133e-03
 -1.3150107e-03 -2.2963251e-03 -6.7265108e-03 -3.3737854e-03
 -1.0051385e-03 -3.4568303e-03 -6.2139952e-03 -1.4394496e-03
  2.4217927e-05 -2.4794512e-03 -1.1102305e-03 -2.8236168e-03
 -2.1102137e-03  1.8205460e-03  1.3938055e-03  2.8705801e-04
  4.0995041e-03  2.4493462e-03 -1.3356954e-03 -1.1175910e-03
 -9.8174627e-05 -2.4165220e-03  9.3445263e-04 -2.8882450e-03
 -9.0478419e-04 -5.4345396e-03 -8.6444727e-04 -2.2220844e-03
  2.8266944e-03  1.1406948e-03  8.2307809e-04 -6.1341253e-04
 -3.3621690e-03  5.8858405e-04 -3.2168340e-03 -1.6508078e-03
 -2.0282697e-04  3.0278615e-03  1.9945286e-03  4.3268632e-03
 -1.2282350e-03  7.1511255e-04  1.1046299e-03  3.2982491e-03
 -3.8516062e-04  1.9042988e-03 -1.9303367e-03  2.9757682e-03
  2.0778245e-04  3.9577242e-03  2.2053788e-03 -5.4505253e-03
 -8.2901242e-04  1.0048791e-03 -9.0392941e-04 -4.4615273e-04
 -1.8694870e-03 -3.2638412e-03 -1.4616035e-04 -1.7087826e-03
 -4.0889991e-04 -4.2848132e-04 -1.3522864e-03 -1.7792427e-03
  4.8279697e-03 -2.1695418e-03  3.5471420e-03  2.1656174e-03
 -2.5692474e-04 -6.5020507e-04  2.3344480e-03  1.9722586e-03
 -5.4434466e-04 -6.1578897e-04  1.5482921e-04  3.4598976e-03
  1.9135192e-03 -1.9027460e-03 -2.5521964e-05 -5.7635955e-03
  3.2566332e-03 -3.5467024e-03 -2.1877282e-03 -1.2983959e-04]",['External']
4t7H0QQAAAAJ,Megan Owen,"[0. 0. 0. 0. 0. 0. 0. 0. 0. 0. 0. 0. 0. 0. 0. 0. 0. 0. 0. 0. 0. 0. 0. 0.
 0. 0. 0. 0. 0. 0. 0. 0. 0. 0. 0. 0. 0. 0. 0. 0. 0. 0. 0. 0. 0. 0. 0. 0.
 0. 0. 0. 0. 0. 0. 0. 0. 0. 0. 0. 0. 0. 0. 0. 0. 0. 0. 0. 0. 0. 0. 0. 0.
 0. 0. 0. 0. 0. 0. 0. 0. 0. 0. 0. 0. 0. 0. 0. 0. 0. 0. 0. 0. 0. 0. 0. 0.
 0. 0. 0. 0.]",['Lehman College']
rVo0piwAAAAJ,C. Randal Linder,"[-4.3917927e-03  3.0306280e-03 -3.4391982e-03 -6.8494710e-03
  1.9447934e-03 -4.5845160e-04  3.8327431e-04  1.4868793e-03
  6.7439750e-03 -3.4436018e-03  2.5346829e-03  4.5825006e-03
 -1.3125585e-03 -4.5271241e-03  7.6996274e-03 -3.1698262e-03
  2.1352468e-03 -1.9870035e-03 -4.6882592e-03  3.4353789e-04
 -2.3821325e-03 -6.8871881e-04  5.8956943e-03  3.0464593e-03
 -2.5671461e-04 -1.0640671e-03  1.3157385e-03 -2.7945894e-04
 -3.3180236e-03 -9.7115448e-04 -3.6456212e-03 -8.1435125e-04
  2.8536033e-03  1.5756696e-03 -3.6960971e-03 -1.0847008e-03
 -1.9948836e-03 -1.7291680e-03 -3.7203981e-03  4.6195067e-03
  2.9951604e-03  6.0342704e-03 -2.6214824e-03 -3.5962686e-03
  5.6362357e-03  4.6604578e-04  1.0027330e-03 -3.4550281e-05
  4.2238105e-03 -2.8039949e-05  2.9392578e-04  6.3752878e-04
 -3.3565562e-03 -1.4336017e-03 -1.3163137e-03  1.3907244e-03
  6.6831395e-05  4.4752141e-03  2.8094305e-03  2.4592048e-03
 -5.2604056e-04  3.3555108e-03  1.4587757e-03 -1.2214049e-03
  2.5973606e-03 -2.5004421e-03 -2.8617738e-03  2.5829971e-03
  1.6912665e-03 -1.3122173e-03 -4.2107073e-03 -9.2983543e-04
 -3.7107035e-04  5.3324532e-03 -2.5056303e-03 -4.3364442e-03
  8.1567030e-04  2.9741388e-03  2.6090182e-03  3.7324117e-04
  1.4963880e-03  6.2484234e-03 -3.7086909e-04  2.7685536e-03
 -2.6814297e-03 -2.3255062e-03  3.9462657e-03  2.0762868e-03
  1.4792845e-03 -5.8564632e-03  4.2605586e-04  4.6027955e-03
  6.0842949e-04 -6.1836973e-04  5.0071971e-03  2.7072157e-03
  5.0091576e-03 -5.8502485e-03  2.2889152e-03 -1.9480359e-03]",['External']
Pp9ihYsAAAAJ,Tracy A. Heath,"[ 2.6328331e-03  6.9420884e-04 -1.4618891e-03  4.7821100e-03
 -5.5005803e-04  3.8815304e-04  1.8910762e-03 -1.9409545e-03
 -5.7524503e-03 -2.8316819e-03 -2.6541092e-03 -4.4120983e-03
  5.9034512e-03 -2.0272688e-03  2.4848478e-03 -1.5405124e-03
  7.2311953e-04  2.4444051e-04 -3.8664825e-03 -7.2199316e-03
  8.0313534e-05  1.8425040e-03  5.7098502e-04 -3.4412600e-03
  1.0204819e-03 -2.4904467e-03  5.9659936e-04  5.6042303e-03
 -4.8633986e-03  2.8843442e-03  3.8096216e-04 -1.9600217e-03
 -8.4849523e-04 -6.7930981e-05 -5.6545045e-03 -1.8589315e-03
  1.1282795e-03 -1.3400695e-03 -1.4026430e-03  2.7588122e-03
  2.7789101e-03 -2.1189023e-03 -1.2595359e-03  4.2679082e-03
  6.3190726e-03  2.2073532e-04 -1.6508335e-03 -4.1492651e-03
  4.9364972e-03  1.9045310e-03  3.7646279e-04 -4.5735724e-04
  3.8671594e-03 -7.8129545e-03 -7.7549834e-03  2.7430474e-03
 -3.3973500e-03 -1.0316006e-03 -4.4126660e-03 -3.3160828e-05
  3.8786416e-03 -5.4583902e-04  2.6873362e-03  4.0283831e-04
 -3.8316299e-03  7.1148332e-03 -5.8603170e-04  5.5986717e-03
 -3.9887321e-03  1.3593571e-03  3.2253850e-03  3.3849843e-03
  2.4216564e-03  2.2762211e-03 -4.4218116e-03  5.9232763e-03
  7.6221228e-03 -1.8553879e-03  1.5580974e-03 -2.3177278e-03
 -8.2574895e-04 -2.7496025e-03 -8.3945720e-03  2.4074977e-03
 -1.0405770e-03 -5.6935876e-04  1.5976621e-03 -5.3708751e-05
  6.5376745e-03 -2.3249281e-04 -2.4074961e-03  1.3094231e-03
 -1.0403978e-03 -1.6596463e-03 -1.0618819e-03  4.2055869e-03
  2.8205600e-03 -8.9768390e-04  6.0225022e-03 -6.2295427e-03]",['External']
TUgQVOYAAAAJ,David M. Hillis,"[ 2.65589845e-03  1.35677785e-03  1.84720871e-03 -3.35757574e-03
 -5.96481841e-05  7.54834560e-04  2.72968947e-03  1.33896875e-03
 -4.42316895e-03 -2.02405456e-04 -3.15327803e-03 -5.62290754e-03
  7.33483757e-04 -4.84359730e-03 -9.26659617e-04  1.99289760e-03
  2.87542352e-03  3.05356411e-03 -3.80407833e-03 -7.10980874e-03
 -1.24746643e-03  9.38474026e-04  1.36049162e-03 -1.72203244e-03
 -2.44394934e-04  4.72411327e-03  3.35698831e-03  2.98875989e-03
  6.52872957e-04  3.08197760e-03  1.04820775e-03 -1.26075023e-03
  1.03079004e-03 -2.50519672e-03 -2.25186977e-03  1.36389246e-03
  7.57126953e-04  1.85939798e-03 -5.93292178e-04 -3.14927241e-03
 -1.30243844e-03 -5.24819014e-04  3.83608183e-03 -1.07198325e-03
  8.76551494e-04  2.14035856e-03 -2.27026036e-03  3.84890172e-03
 -2.24351068e-03 -2.30385177e-03 -3.51966987e-03 -2.68952409e-03
  4.71988786e-03 -4.04059421e-03 -3.71633330e-03 -9.92437854e-05
 -2.75512412e-03  2.75338721e-03 -3.44647234e-03 -2.35756394e-04
  3.23982118e-03 -7.83872325e-04  2.06139265e-03  4.38564923e-03
 -1.60352699e-03  2.59743491e-03 -1.89140043e-03  7.17742974e-03
 -3.72638082e-04  1.56054331e-03 -6.04977598e-04  3.11925262e-03
  3.82947689e-03 -1.35067152e-04 -9.72930924e-04  4.27265698e-03
  2.86034541e-03 -3.10743708e-05 -1.89023085e-05 -1.04948136e-04
 -1.19391200e-03 -1.34720653e-03 -4.62043937e-03  3.64970590e-04
  4.59833723e-03  1.84574001e-03  6.97538722e-04  4.18967474e-03
  3.38492403e-03 -1.59433301e-04  4.30609478e-04  2.94604525e-03
  5.94927580e-04  1.60388125e-03  1.51752203e-03  2.78601749e-03
 -2.89294263e-03 -2.78288010e-03  3.25600314e-03 -2.82832189e-03]",['External']
VoAHydgAAAAJ,dan gusfield,"[0. 0. 0. 0. 0. 0. 0. 0. 0. 0. 0. 0. 0. 0. 0. 0. 0. 0. 0. 0. 0. 0. 0. 0.
 0. 0. 0. 0. 0. 0. 0. 0. 0. 0. 0. 0. 0. 0. 0. 0. 0. 0. 0. 0. 0. 0. 0. 0.
 0. 0. 0. 0. 0. 0. 0. 0. 0. 0. 0. 0. 0. 0. 0. 0. 0. 0. 0. 0. 0. 0. 0. 0.
 0. 0. 0. 0. 0. 0. 0. 0. 0. 0. 0. 0. 0. 0. 0. 0. 0. 0. 0. 0. 0. 0. 0. 0.
 0. 0. 0. 0.]",['External']
e_YXLdYAAAAJ,Balaji Venkatachalam,"[0. 0. 0. 0. 0. 0. 0. 0. 0. 0. 0. 0. 0. 0. 0. 0. 0. 0. 0. 0. 0. 0. 0. 0.
 0. 0. 0. 0. 0. 0. 0. 0. 0. 0. 0. 0. 0. 0. 0. 0. 0. 0. 0. 0. 0. 0. 0. 0.
 0. 0. 0. 0. 0. 0. 0. 0. 0. 0. 0. 0. 0. 0. 0. 0. 0. 0. 0. 0. 0. 0. 0. 0.
 0. 0. 0. 0. 0. 0. 0. 0. 0. 0. 0. 0. 0. 0. 0. 0. 0. 0. 0. 0. 0. 0. 0. 0.
 0. 0. 0. 0.]",['External']
mJqmEjQAAAAJ,Seth Sullivant,"[ 1.1090003e-04 -4.3561845e-04  3.5863593e-03 -5.2741105e-03
 -1.8500076e-03 -1.8440038e-03 -2.3779713e-03  1.1159370e-03
  3.3835177e-03  9.5537520e-04 -2.0227728e-03 -4.4891206e-03
 -2.6189489e-03 -3.8957605e-03 -6.2133285e-04 -2.7255814e-03
  1.5584924e-03 -6.1235423e-03  1.6214731e-03 -7.3105650e-04
 -8.0793811e-04  1.3290241e-04  8.3696237e-04  5.0476403e-04
 -9.8070200e-04  2.3086963e-03  1.6940706e-03 -1.9467518e-03
 -1.8227488e-03  3.2982617e-03  2.9064100e-03 -1.8442471e-03
 -2.2416394e-03  1.0880056e-03 -1.4940808e-03  1.5610736e-03
 -9.6463144e-04 -9.2905096e-04  4.6367799e-03 -5.5120229e-03
  5.1744478e-03 -6.6446010e-03 -2.6599029e-03  1.0351494e-03
  3.8386243e-03  1.5884514e-03 -4.1508127e-04  5.5980459e-03
  2.4310695e-03  9.1581396e-04 -2.8568129e-03 -3.8540792e-03
  5.2306624e-03  1.5709091e-03 -4.3258853e-03  4.5295074e-03
  2.4708894e-03 -3.8332632e-04 -3.5757986e-03 -2.1842793e-03
  3.2847626e-03 -3.8605647e-03  6.4929918e-04 -1.6663572e-03
  4.6281242e-03 -7.2155701e-04  1.5586759e-03  3.7437030e-03
  2.0174149e-03 -1.2695335e-04  2.6929057e-03 -1.1154111e-03
  3.1455660e-03  2.8840601e-03 -4.9309223e-03  2.2833215e-03
  2.6888610e-03 -2.1127460e-03 -2.7139483e-03  2.5754822e-03
  1.4475530e-03 -2.2654422e-06  4.0915632e-03  1.3883878e-03
  1.0026083e-03 -3.2121532e-03  3.2321799e-03 -6.4526685e-04
 -7.3702971e-04  1.7859493e-03  4.5148451e-03 -2.9384936e-03
 -1.5915271e-03  1.7705598e-03  1.1852272e-03  3.1812703e-03
  1.1184798e-03 -2.5287308e-03 -4.0509989e-03 -2.8625187e-03]",['External']
D4rBbksAAAAJ,Lam Si Tung Ho,"[ 2.5201419e-03  3.5098814e-03  5.0360956e-03  4.1781799e-03
  4.5204428e-03 -5.1613683e-03  1.7223995e-03  2.0114898e-03
 -3.5036721e-03 -2.5105968e-03 -2.8039950e-03  2.0321968e-03
  2.2749633e-03  1.6577793e-03  2.5575054e-03  4.9701065e-04
 -1.0216321e-03  5.1696701e-03 -3.1914699e-03 -2.4068770e-03
  5.7090445e-05 -1.4846365e-03  3.1572052e-03 -4.7617489e-03
 -3.3269235e-04  2.6964541e-03  5.1421492e-04  3.1615836e-03
 -5.0217821e-03 -2.3953346e-04  5.3812575e-04 -2.1529477e-05
  4.1545322e-03 -8.2591019e-04  1.8926617e-03  2.3756053e-03
  3.5474543e-05  6.7856396e-04  2.0977058e-03  4.8554828e-03
  4.7422582e-03 -2.4764859e-03 -3.5555377e-03  6.9157220e-05
 -3.3707866e-03 -2.4997136e-03 -1.3125516e-03 -3.1823434e-03
  4.1758283e-03  1.7518262e-04 -6.5329857e-04 -3.1479024e-03
  4.0426147e-03  9.8294928e-04 -1.2299437e-04  5.3515518e-03
 -2.4975773e-03  3.5437394e-03  5.3409807e-04  1.8634433e-03
  2.6871890e-03 -1.4551547e-03 -1.8593185e-03  3.4194076e-04
  5.8578737e-03  4.9964534e-03  4.8699910e-03 -8.1242493e-04
  5.3278229e-04 -1.2858477e-03 -1.6120741e-03 -2.2334813e-03
  3.0041859e-03  1.4072624e-03 -7.3596917e-04  1.7493989e-03
  3.2496066e-03 -1.2279775e-03  2.0701953e-03 -9.4653445e-04
 -2.7365992e-03  4.2819632e-03 -3.1789429e-03 -1.7924272e-04
 -8.1508793e-04 -2.1424396e-03  4.1362597e-03  1.2333889e-03
  4.4705053e-03 -3.4984662e-03  1.9360691e-03  2.9182953e-03
 -2.0743804e-03 -4.7120414e-04  5.2340777e-04  1.0977475e-03
 -2.0629521e-04 -6.3818955e-04  1.3302672e-03 -1.5630438e-04]",['External']
7ezIRWQAAAAJ,Prof. Mike Steel,"[-9.3127665e-04 -4.0446357e-03  2.2102387e-03 -2.1889245e-03
  2.6362177e-03  3.3499685e-03  2.0678884e-03  3.8352308e-03
 -3.2720501e-03 -1.6193224e-04  1.7633284e-03  2.7971881e-04
  3.3924186e-03  8.0749802e-03 -5.8277659e-03  3.9664060e-03
  1.9260583e-03  4.6057664e-03  2.5564434e-03  2.1028100e-03
  4.9188947e-03  4.1539022e-03 -4.2810105e-04 -4.8688496e-03
 -1.2292684e-03  1.6080966e-03  2.7306092e-03 -2.9604638e-03
 -2.1376964e-03 -2.6548908e-03  1.7206896e-03  3.9183800e-03
 -9.0370129e-05  1.9709559e-03 -1.3957812e-03  4.0320368e-03
 -5.5302470e-03  3.3576640e-03  2.2612417e-03  1.4615555e-05
  5.6535895e-03 -5.0109811e-05  5.1104557e-04 -3.3512444e-03
  4.3986877e-04  1.7109532e-03 -7.2207004e-03 -9.9736068e-04
 -6.1206371e-03  8.9729269e-04  1.8364345e-03 -9.9311804e-04
 -5.8028116e-03 -1.1198745e-03 -6.5872935e-03 -1.0970911e-03
  7.1923947e-04 -1.1698218e-03 -1.9351766e-03 -1.4016676e-03
 -4.6835444e-04 -2.1757840e-03  3.6863452e-03  2.5769600e-03
 -4.7907471e-03 -1.2514862e-03 -2.1007936e-04 -4.6366532e-03
  2.8594583e-03 -3.9064395e-03 -1.0816936e-03  6.3987746e-04
 -5.3748433e-03 -1.5767446e-03  5.6618880e-03 -6.7845718e-03
  1.6603429e-03  1.4096451e-03 -2.7143769e-03  5.2322666e-03
  1.2185582e-03  3.3529208e-03 -4.7372333e-03 -4.0044053e-03
 -4.2170817e-03 -2.9247303e-03  2.6865096e-03 -2.1344412e-03
  2.5442350e-03 -1.9600359e-03 -1.4422614e-03 -2.3866855e-03
 -5.9966627e-04  2.0531598e-03 -3.2939549e-04  2.9672114e-03
  1.0477449e-03 -4.8291660e-03  2.2290952e-03  3.3271599e-03]",['External']
dlfgOZIAAAAJ,Colby Long,"[-5.29067963e-03 -2.72384059e-04 -1.53550564e-03 -2.06791866e-03
 -3.35836108e-03  4.73106001e-03  3.28898500e-03  1.01928448e-03
 -7.36253895e-03 -3.33128497e-03 -4.47955960e-03  1.06795318e-03
 -1.85010990e-03 -2.47914041e-03  1.52979430e-03 -6.54640468e-03
 -3.19343922e-03 -1.65399548e-03 -6.12408528e-03 -3.37061193e-03
 -2.60074041e-03 -1.39618234e-03  6.88210363e-04 -2.13022417e-04
  1.21677213e-03 -4.05489234e-03  7.92616978e-04 -6.50090398e-04
 -3.83915380e-04  5.34249423e-03  5.36703924e-03 -6.04057126e-03
 -5.03217429e-03 -2.08300981e-03 -4.11725743e-03  5.50787663e-03
  3.82118556e-03  1.04636885e-04  7.70295679e-04 -3.34579055e-03
  1.02815882e-03 -9.76668554e-04 -6.39879610e-04  3.01903882e-03
  1.28141441e-03  2.93205981e-03 -8.74294143e-04  3.65349610e-04
 -1.64549844e-03  1.26443908e-03  3.75589239e-03 -5.11210412e-04
  3.23785190e-03 -2.14474322e-03 -5.47724264e-03  1.79437269e-03
  7.94351436e-05 -1.49761280e-03 -7.60704465e-03 -5.08463196e-03
  1.52608345e-03 -6.97193609e-04  7.69060245e-03 -1.43873319e-03
 -2.23789108e-03  1.56140781e-03  2.24124081e-03  1.79948949e-03
 -3.45534645e-03 -2.21168948e-03 -8.31782527e-04  5.65969246e-03
  2.87530012e-03  5.62468683e-03 -4.15280042e-03  2.57275323e-03
 -2.04825774e-03  4.61176177e-03 -4.65038065e-05  1.92227121e-03
  3.46433278e-03 -3.43764573e-03  1.22628536e-03 -1.79650763e-03
  2.52375641e-04 -2.95138452e-03 -1.35850965e-03  2.25473335e-03
  2.36476562e-03  4.06564417e-04 -1.16932753e-03  7.70475483e-03
  4.22399229e-04 -3.84276570e-03  8.62672552e-03  5.80123067e-03
 -3.36605270e-04 -1.99919916e-03  1.01340900e-03 -7.39438087e-03]",['External']
c2Att08AAAAJ,Tamara Munzner,"[ 1.3154726e-04  3.2829612e-03 -1.1086799e-03 -3.0670463e-04
 -2.2204695e-03  2.4279229e-04  3.3362459e-05  2.2881366e-03
 -2.7500773e-03  2.2895744e-03  2.5832034e-03 -1.6299225e-03
 -2.6635167e-03 -4.7292062e-03  7.9554040e-04  4.4130110e-03
  3.2117430e-03  5.6438131e-04  3.0507259e-03  1.9628322e-03
 -1.4201204e-03  4.0875282e-05  2.8040959e-03  2.2084452e-04
  1.5356167e-03  1.0609286e-03 -8.1613724e-04 -6.1840597e-03
 -2.6331490e-03 -1.7667068e-03  6.9470876e-03  2.5638179e-03
  3.1451564e-03 -2.8252185e-03  1.1143155e-03  7.4591202e-04
 -2.9437691e-03 -1.7326000e-03 -4.8649856e-03  2.6717471e-04
  4.6384553e-03 -1.7447692e-03  2.1043273e-03  2.8363811e-03
 -1.9272235e-03 -3.1144340e-03 -2.7369561e-03  5.0666742e-05
  7.0348526e-03 -5.2380520e-03  1.3107391e-03  4.0656608e-03
 -2.4965561e-03  2.6872859e-03 -5.3797074e-04  4.4410862e-04
  5.5340957e-04 -6.6428323e-04 -7.6825358e-04  2.9487256e-03
  3.3477307e-04  4.9311621e-03  1.7713829e-03  2.1267494e-03
 -5.4830912e-04  2.0652064e-03  3.5887731e-03  2.0136947e-03
 -9.6928175e-05  3.2678347e-03 -3.4437657e-03  4.2377980e-03
 -1.9624003e-03  3.5462547e-03  4.1301087e-03  5.7618902e-03
 -8.4013911e-04 -1.3402239e-03 -1.6038679e-03  3.3787873e-03
 -3.5686556e-03 -4.4042012e-05  4.5092008e-03  7.1332231e-03
 -3.5484266e-03  2.7987324e-03  2.5535235e-05  2.1889457e-03
 -9.3521789e-04 -1.5533633e-04  1.4684636e-04  6.6240653e-03
 -2.9190027e-03 -9.1783609e-04 -9.8302925e-04 -1.7438079e-03
  2.8849887e-03 -4.3418570e-03  1.7677719e-03  5.5918214e-03]",['External']
qhEK194AAAAJ,Kristian Hildebrand,"[0. 0. 0. 0. 0. 0. 0. 0. 0. 0. 0. 0. 0. 0. 0. 0. 0. 0. 0. 0. 0. 0. 0. 0.
 0. 0. 0. 0. 0. 0. 0. 0. 0. 0. 0. 0. 0. 0. 0. 0. 0. 0. 0. 0. 0. 0. 0. 0.
 0. 0. 0. 0. 0. 0. 0. 0. 0. 0. 0. 0. 0. 0. 0. 0. 0. 0. 0. 0. 0. 0. 0. 0.
 0. 0. 0. 0. 0. 0. 0. 0. 0. 0. 0. 0. 0. 0. 0. 0. 0. 0. 0. 0. 0. 0. 0. 0.
 0. 0. 0. 0.]",['External']
f-S4DEQAAAAJ,Daniel Irving Bernstein,"[ 0.00289858  0.00018148 -0.00220499 -0.00368094 -0.00233012 -0.00247047
  0.00256929 -0.00209711 -0.00343993 -0.00055563  0.00112805 -0.00066049
 -0.00243502  0.00112974  0.00308643 -0.0001608  -0.00422965 -0.00092701
 -0.00079949 -0.00407927 -0.00259069  0.00011818  0.00261797 -0.00253539
 -0.00178259 -0.00235123  0.002961   -0.00322982  0.0030102  -0.00200323
  0.00032606 -0.00205622 -0.00328825 -0.0016332  -0.00203784  0.00328927
  0.00170539 -0.0006757  -0.0004339   0.00182107  0.00503454  0.00501054
 -0.00264363  0.00455077  0.0024769   0.00072146  0.00264363  0.00034386
  0.0019754  -0.00112954  0.00199299 -0.00486004  0.00028373  0.00160544
 -0.00282552  0.00287118  0.00080187 -0.00214007 -0.00152471  0.00179945
  0.00223795  0.0034737   0.00098245  0.00173254 -0.00060264  0.00013148
 -0.00113636  0.00360997 -0.00467926 -0.00285217  0.00095174  0.00209963
  0.00149441  0.0015201   0.00086023  0.00334345 -0.00189308 -0.00125498
 -0.00231506  0.00434677  0.00444278 -0.00521011  0.0032496  -0.00523405
  0.00106088 -0.00289497 -0.0004645   0.00623103 -0.00057238 -0.00331689
 -0.00239549  0.0073419  -0.00062741  0.0009879   0.00095122  0.00105651
  0.00386699 -0.0002389  -0.00029479  0.00034441]",['External']
Dlcm6loAAAAJ,Melanie Hopkins,"[ 0.00374591 -0.00467418 -0.00114508  0.00241813 -0.00204461  0.00439188
 -0.00023451  0.00165841 -0.00072689 -0.00167155  0.002206   -0.00368269
  0.00232204  0.0032576  -0.00746354 -0.00141414  0.00325859 -0.00382169
  0.00174208  0.00075263  0.00382219 -0.00632035 -0.00255403 -0.00191382
  0.00318258 -0.00076614  0.00193565 -0.00189569  0.00019606 -0.0023483
 -0.00140664  0.00439053 -0.00664047 -0.00044449  0.00055357 -0.00295914
  0.00210917 -0.00618018  0.00135525  0.00223474  0.00013614 -0.00316049
 -0.00493173 -0.00053526  0.00511919 -0.00329384  0.0003279  -0.00144586
 -0.00227052  0.00015646  0.00111148 -0.00272017 -0.00415347  0.00329726
  0.00081918  0.00024915 -0.00013617  0.00358305 -0.00062441 -0.00561697
  0.0042677  -0.00230087  0.0021999  -0.00371911  0.00045228 -0.00416273
  0.00041109 -0.00101904  0.00226505  0.00158227 -0.00270247  0.00259649
  0.00018878 -0.00210653  0.00179009 -0.00085624 -0.001258    0.00082714
  0.00547584 -0.00268915 -0.00078609 -0.0038451   0.00111588  0.00607675
  0.00060244 -0.00279073  0.00069336  0.00098833 -0.00203655 -0.00347687
 -0.00194224  0.00384742  0.00136659  0.00348119  0.00247897  0.00162783
  0.00252615  0.00625434  0.00457459  0.00310949]",['External']
Rjw5orwAAAAJ,Ward Wheeler,"[-4.5975967e-04  5.4940702e-03 -3.4094241e-03 -1.9417336e-03
  5.0932122e-03 -9.5843588e-04  1.2655237e-03  3.2871962e-04
  1.2009407e-03 -2.5228932e-03  2.1204948e-03  1.0096444e-03
  4.8004403e-03 -2.4871740e-03  5.6824775e-04 -1.9459308e-03
  3.3857815e-03  7.6999300e-04 -2.1185416e-03  6.6235485e-03
  2.4134736e-03  1.5438393e-03  3.8156132e-03  4.8011234e-03
  9.7841979e-04 -1.1743137e-03  2.9777442e-04  5.6413868e-03
 -1.5177518e-03 -1.5340911e-03  1.3318787e-03  1.5870236e-03
 -5.2134646e-03  5.8246194e-05  3.5565395e-03  7.9415953e-03
 -1.9643994e-03 -1.5073057e-03 -3.7013018e-03  1.8800400e-03
  4.4189394e-05  3.5169483e-03 -9.9520199e-04  2.0387466e-04
 -1.5286615e-03  2.8332458e-03  3.0790386e-03  2.0631694e-03
 -3.0177147e-03 -2.4231202e-03  1.6716642e-03 -3.4706057e-03
 -1.6227287e-03 -4.9244841e-03 -2.9872081e-03  3.0230105e-04
 -6.9909310e-04  4.0392610e-03  9.3934790e-04 -6.4900226e-04
  2.7018120e-03 -1.9442603e-03  2.6513473e-03  4.9899211e-03
  1.0408921e-03 -1.3883695e-03  2.5853049e-03  2.6726539e-03
 -1.8151678e-03  1.6260702e-03  2.9970427e-06 -8.1343792e-04
 -9.4869919e-04 -8.6586300e-04  1.4311351e-03  8.9840515e-04
 -1.3355527e-03  6.0840027e-04 -1.3343978e-03  2.7359107e-03
 -3.7336934e-03  3.2432438e-03 -3.6285259e-05 -1.2382955e-04
 -2.3052772e-03  1.0228184e-03  5.3007426e-03  1.2930080e-03
  1.3941310e-03 -3.9442359e-03  2.2899555e-03 -1.8123325e-03
  1.9599213e-03 -4.5360261e-04 -2.5145290e-03 -3.6093169e-03
  2.3786693e-03 -3.5464144e-03  8.5613161e-04 -9.2409400e-04]",['External']
